ארטיקל|גרויס|ערך|גודל|מקור|
רוי:פראפיט|1012|רווח (כלכלה)|1361|קאַטעגאָריע:וויכטיגע ארטיקלען|
רוי:בלוט צעל|998|תא דם|1478|קאַטעגאָריע:וויכטיגע ארטיקלען|
רוי:קאפ|656|ראש|1719|קאַטעגאָריע:וויכטיגע ארטיקלען|
רוי:דיאמעטער|2206|קוטר|1874|קאַטעגאָריע:עלעמענטארע ארטיקלען|
רוי:פאקטאריזאציע|4485|פירוק לגורמים|1889|קאַטעגאָריע:וויכטיגע ארטיקלען|
רוי:רעאלער אנאליז|1004|אנליזה ממשית|2246|קאַטעגאָריע:וויכטיגע ארטיקלען|
רוי:קאמפיוטעריי|1458|מחשוב|2335|קאַטעגאָריע:עלעמענטארע ארטיקלען|
רוי:תבואה|1770|דגנים|2603|קאַטעגאָריע:וויכטיגע ארטיקלען|
רוי:געזאנג|1035|זמרה|2698|קאַטעגאָריע:וויכטיגע ארטיקלען|
רוי:פארקויפן|922|מכירה|2764|קאַטעגאָריע:וויכטיגע ארטיקלען|
רוי:ליטער|1227|ליטר|2784|קאַטעגאָריע:וויכטיגע ארטיקלען|
רוי:פאבריקאציע|1367|ייצור|2875|קאַטעגאָריע:וויכטיגע ארטיקלען|
רוי:באטאניק|2504|בוטניקה|3034|קאַטעגאָריע:וויכטיגע ארטיקלען|
רוי:תרח|1385|תרח|3075|קאַטעגאָריע:אידישקייט ארטיקלען|
רוי:געזעץ|5000|דין|3197|קאַטעגאָריע:עלעמענטארע ארטיקלען|
רוי:דיסקרעטע מאטעמאטיק|2710|מתמטיקה בדידה|3236|קאַטעגאָריע:וויכטיגע ארטיקלען|
רוי:קוואדראטצאל|9004|מספר ריבועי|3265|קאַטעגאָריע:וויכטיגע ארטיקלען|
רוי:פאלק (נאציאן)|926|אומה|3462|קאַטעגאָריע:וויכטיגע ארטיקלען|
רוי:הייך|2301|גובה|3495|קאַטעגאָריע:וויכטיגע ארטיקלען|
רוי:פרעה|665|פרעה|3584|וויכטיגסטע, אידישקייט|
רוי:וועטער|3086|מזג אוויר|3669|קאַטעגאָריע:עלעמענטארע ארטיקלען|
רוי:אטעם|1339|נשימה|3676|קאַטעגאָריע:וויכטיגע ארטיקלען|
רוי:נוקלעאן|2299|נוקליאון|3706|קאַטעגאָריע:וויכטיגע ארטיקלען|
רוי:געאגראפישע קאארדינאטן|3521|קואורדינטות גאוגרפיות|3857|קאַטעגאָריע:וויכטיגע ארטיקלען|
רוי:געצייג|1175|כלי|3870|קאַטעגאָריע:עלעמענטארע ארטיקלען|
רוי:פיער דע פערמא|2518|פייר דה פרמה|4215|קאַטעגאָריע:וויכטיגע ארטיקלען|
רוי:אמבאסאדאר|892|שגריר|4233|קאַטעגאָריע:וויכטיגע ארטיקלען|
רוי:סיסטעם|1187|מערכת|4300|קאַטעגאָריע:וויכטיגע ארטיקלען|
רוי:מעטרישע סיסטעם|1716|השיטה המטרית|4434|קאַטעגאָריע:וויכטיגע ארטיקלען|
רוי:נערוו|1613|עצב|4562|קאַטעגאָריע:וויכטיגע ארטיקלען|
רוי:עלות השחר|1424|עלות השחר|4609|קאַטעגאָריע:עלעמענטארע ארטיקלען|
רוי:טערמינאלאגיע|1489|טרמינולוגיה|4635|קאַטעגאָריע:וויכטיגע ארטיקלען|
רוי:צונג|830|לשון (איבר)|4676|קאַטעגאָריע:וויכטיגע ארטיקלען|
רוי:בית מדרש|931|בית מדרש|4754|קאַטעגאָריע:וויכטיגע ארטיקלען|
רוי:ברענשטאף|3309|דלק|4818|קאַטעגאָריע:וויכטיגע ארטיקלען|
רוי:MAC אדרעס|1398|כתובת MAC|4852|קאַטעגאָריע:וויכטיגע ארטיקלען|
רוי:ארגאניזם|2068|אורגניזם|4888|קאַטעגאָריע:עלעמענטארע ארטיקלען|
רוי:געסטאפא|992|גסטפו|4923|קאַטעגאָריע:וויכטיגע ארטיקלען|
רוי:טראנספארט|1407|תחבורה|4932|קאַטעגאָריע:וויכטיגע ארטיקלען|
רוי:מדרש רבה|1703|מדרש רבה|4968|קאַטעגאָריע:וויכטיגע ארטיקלען|
רוי:גראדעק|1604|מלבן|4990|קאַטעגאָריע:וויכטיגע ארטיקלען|
רוי:בוכשטאב|2865|אות|5110|קאַטעגאָריע:וויכטיגע ארטיקלען|
רוי:האן דינאסטיע|1487|שושלת האן|5187|קאַטעגאָריע:וויכטיגע ארטיקלען|
רוי:קאמפיוטער שפראכן|1955|שפת מחשב|5190|קאַטעגאָריע:עלעמענטארע ארטיקלען|
רוי:פארמל|833|נוסחה|5281|קאַטעגאָריע:וויכטיגע ארטיקלען|
רוי:צענטראל-אמעריקע|2409|אמריקה המרכזית|5283|קאַטעגאָריע:עלעמענטארע ארטיקלען|
רוי:מוזיקאלישע טרופע|1122|הרכב מוזיקלי|5401|קאַטעגאָריע:עלעמענטארע ארטיקלען|
רוי:יתום|960|יתמות|5437|קאַטעגאָריע:עלעמענטארע ארטיקלען|
רוי:טראנספארמאטאר|3565|שנאי|5451|קאַטעגאָריע:וויכטיגע ארטיקלען|
רוי:ארקטישער אקעאן|1609|אוקיינוס הקרח הצפוני|5455|קאַטעגאָריע:וויכטיגע ארטיקלען|
רוי:פינאנץ|714|מימון|5467|קאַטעגאָריע:עלעמענטארע ארטיקלען|
רוי:געשעפט|2721|חנות|5546|קאַטעגאָריע:וויכטיגע ארטיקלען|
רוי:טאקסאנאמיע|883|טקסונומיה|5556|קאַטעגאָריע:וויכטיגע ארטיקלען|
רוי:לאה|947|לאה אמנו|5601|וויכטיגסטע, אידישקייט|
רוי:מוזעאום|7853|מוזיאון|5614|קאַטעגאָריע:וויכטיגע ארטיקלען|
רוי:דאטא|802|נתונים|5616|קאַטעגאָריע:וויכטיגע ארטיקלען|
רוי:בראנדז|702|ארד|5704|קאַטעגאָריע:וויכטיגע ארטיקלען|
"רוי:ט""ו בשבט"|2905|"ט""ו בשבט"|5757|קאַטעגאָריע:אידישקייט ארטיקלען|
רוי:PDF|1054|PDF|5777|קאַטעגאָריע:וויכטיגע ארטיקלען|
רוי:מאסן פארניכטונג וואפן|3165|נשק להשמדה המונית|5897|קאַטעגאָריע:וויכטיגע ארטיקלען|
רוי:עתניאל בן קנז|885|עתניאל בן קנז|5953|קאַטעגאָריע:וויכטיגע ארטיקלען|
רוי:מאגנעט|2876|מגנט|6090|קאַטעגאָריע:וויכטיגע ארטיקלען|
רוי:הערבסט|1637|סתיו|6161|קאַטעגאָריע:וויכטיגע ארטיקלען|
רוי:ווייכווארג|1957|תוכנה|6173|קאַטעגאָריע:וויכטיגע ארטיקלען|
רוי:בניהו בן יהוידע|682|בניהו בן יהוידע|6234|קאַטעגאָריע:אידישקייט ארטיקלען|
רוי:תרי עשר|2216|תרי עשר|6235|קאַטעגאָריע:אידישקייט ארטיקלען|
רוי:טאלאנט|1741|מיומנות|6237|קאַטעגאָריע:וויכטיגע ארטיקלען|
רוי:ג|1147|ג|6294|קאַטעגאָריע:אידישקייט ארטיקלען|
רוי:השארת הנפש|1602|הישארות הנפש|6330|קאַטעגאָריע:אידישקייט ארטיקלען|
רוי:קאפיטאל|1276|הון|6340|קאַטעגאָריע:וויכטיגע ארטיקלען|
רוי:אקסיאם|2204|אקסיומה|6381|קאַטעגאָריע:וויכטיגע ארטיקלען|
רוי:אירקוצק|844|אירקוטסק|6481|קאַטעגאָריע:וויכטיגע ארטיקלען|
רוי:משגיח|1072|משגיח|6512|קאַטעגאָריע:עלעמענטארע ארטיקלען|
רוי:יאנגצע|1848|יאנגצה|6604|קאַטעגאָריע:וויכטיגע ארטיקלען|
רוי:קאסעטע|3278|קלטת שמע|6614|קאַטעגאָריע:וויכטיגע ארטיקלען|
רוי:גראז|1071|דגניים|6630|קאַטעגאָריע:וויכטיגע ארטיקלען|
רוי:אסרו חג|2734|אסרו חג|6653|המכלול:וויכטיגסטע ארטיקלען|
רוי:מצווה טאנץ|1670|ריקוד מצווה|6691|קאַטעגאָריע:עלעמענטארע ארטיקלען|
רוי:קאמפיוטער פראגראמירן|3158|תכנות מחשבים|6759|קאַטעגאָריע:עלעמענטארע ארטיקלען|
רוי:זומער|1112|קיץ|6763|קאַטעגאָריע:וויכטיגע ארטיקלען|
רוי:האמער|788|פטיש|6833|קאַטעגאָריע:וויכטיגע ארטיקלען|
רוי:וואלטאזש|4231|מתח חשמלי|6867|קאַטעגאָריע:וויכטיגע ארטיקלען|
רוי:טראפעז|979|טרפז|6930|קאַטעגאָריע:וויכטיגע ארטיקלען|
רוי:גראף (מאטעמאטיק)|5770|גרף (תורת הגרפים)|6936|קאַטעגאָריע:וויכטיגע ארטיקלען|
רוי:גארטל ליניע (געאגראפיע)|3564|קו רוחב|7215|קאַטעגאָריע:וויכטיגע ארטיקלען|
רוי:גאז קאמער|1907|תא גזים|7246|קאַטעגאָריע:וויכטיגע ארטיקלען|
רוי:מגן אברהם|3788|מגן אברהם|7272|קאַטעגאָריע:וויכטיגע ארטיקלען|
רוי:קליידונג|1429|ביגוד|7280|קאַטעגאָריע:עלעמענטארע ארטיקלען|
רוי:הימל|1463|שמיים|7341|קאַטעגאָריע:וויכטיגע ארטיקלען|
רוי:לב לאחים|1087|לב לאחים|7414|קאַטעגאָריע:עלעמענטארע ארטיקלען|
רוי:ווייסע בלוט צעל|758|תא דם לבן|7481|קאַטעגאָריע:וויכטיגע ארטיקלען|
רוי:נביאים|4262|נביאים|7505|המכלול:וויכטיגסטע ארטיקלען|
רוי:גראד (טעמפעראטור)|1828|יחידות מידה לטמפרטורה|7513|קאַטעגאָריע:וויכטיגע ארטיקלען|
רוי:סעקונדע|1327|שנייה|7546|קאַטעגאָריע:וויכטיגע ארטיקלען|
רוי:טריפה|1316|טריפה|7616|קאַטעגאָריע:אידישקייט ארטיקלען|
רוי:אפעראציע (מאטעמאטיק)|2555|פעולה (מתמטיקה)|7649|קאַטעגאָריע:וויכטיגע ארטיקלען|
רוי:יוסטיץ|1014|צדק (מוסר)|7653|קאַטעגאָריע:וויכטיגע ארטיקלען|
רוי:רענטגען שטראלן|1226|קרני רנטגן|7725|קאַטעגאָריע:וויכטיגע ארטיקלען|
רוי:פאליטישע פארטיי|1749|מפלגה|7751|קאַטעגאָריע:וויכטיגע ארטיקלען|
רוי:קרעדיט (פינאנץ)|553|אשראי|7769|קאַטעגאָריע:עלעמענטארע ארטיקלען|
רוי:טרינקוואסער|3804|מי שתייה|7788|קאַטעגאָריע:וויכטיגע ארטיקלען|
רוי:קאנסערווירונג פון ענערגיע|2804|חוק שימור האנרגיה|7896|קאַטעגאָריע:וויכטיגע ארטיקלען|
רוי:היץ|12344|חום (פיזיקה)|7909|קאַטעגאָריע:עלעמענטארע ארטיקלען|
רוי:פראצענט|869|אחוז|8009|קאַטעגאָריע:וויכטיגע ארטיקלען|
רוי:יאר|2034|שנה|8018|קאַטעגאָריע:עלעמענטארע ארטיקלען|
רוי:אנצינדונג|644|דלקת|8033|קאַטעגאָריע:וויכטיגע ארטיקלען|
רוי:כעמישער בונד|636|קשר כימי|8185|קאַטעגאָריע:עלעמענטארע ארטיקלען|
רוי:תרגום יונתן|960|תרגום התורה המיוחס ליונתן|8201|קאַטעגאָריע:אידישקייט ארטיקלען|
רוי:אינטערנעט פראטאקאל|1659|Internet Protocol|8228|קאַטעגאָריע:עלעמענטארע ארטיקלען|
רוי:מאלעקול|1659|מולקולה|8305|קאַטעגאָריע:וויכטיגע ארטיקלען|
רוי:ביזנעס|857|עסק|8406|קאַטעגאָריע:עלעמענטארע ארטיקלען|
רוי:זען|693|ראייה|8442|קאַטעגאָריע:עלעמענטארע ארטיקלען|
רוי:רעסעסיע|18073|מיתון|8473|קאַטעגאָריע:וויכטיגע ארטיקלען|
רוי:פרום|4262|פרום (יידיש)|8493|קאַטעגאָריע:עלעמענטארע ארטיקלען|
רוי:דיפערענציאל-גלייכונג|2372|משוואה דיפרנציאלית|8688|קאַטעגאָריע:וויכטיגע ארטיקלען|
רוי:געאמעטריע|19920|גאומטריה|8770|קאַטעגאָריע:עלעמענטארע ארטיקלען|
רוי:הארמאן|1948|הורמון|8789|קאַטעגאָריע:עלעמענטארע ארטיקלען|
רוי:גראמאטיק|1385|דקדוק|8904|קאַטעגאָריע:עלעמענטארע ארטיקלען|
רוי:צאל|7290|מספר|8911|קאַטעגאָריע:עלעמענטארע ארטיקלען|
רוי:וואלד|1168|יער|9013|קאַטעגאָריע:וויכטיגע ארטיקלען|
רוי:מזבח|1733|מזבח|9070|קאַטעגאָריע:וויכטיגע ארטיקלען|
רוי:דרום אמעריקע|16660|אמריקה הדרומית|9079|קאַטעגאָריע:עלעמענטארע ארטיקלען|
רוי:אורח חיים|1422|אורח חיים (שולחן ערוך)|9119|קאַטעגאָריע:אידישקייט ארטיקלען|
רוי:גרופע טעאריע|6451|תורת החבורות|9139|קאַטעגאָריע:וויכטיגע ארטיקלען|
רוי:רובו ככולו|3871|רובו ככולו|9282|קאַטעגאָריע:וויכטיגע ארטיקלען|
רוי:אדם הראשון|1985|אדם הראשון|9284|המכלול:וויכטיגסטע ארטיקלען|
רוי:טעמפעראטור|2721|טמפרטורה|9292|קאַטעגאָריע:וויכטיגע ארטיקלען|
רוי:עסנווארג|5915|מזון|9300|קאַטעגאָריע:עלעמענטארע ארטיקלען|
רוי:שוואכע קראפט|2250|הכוח החלש|9374|קאַטעגאָריע:וויכטיגע ארטיקלען|
רוי:רעגירונג|1650|ממשלה|9422|קאַטעגאָריע:עלעמענטארע ארטיקלען|
רוי:הויז|2914|בית מגורים|9610|קאַטעגאָריע:וויכטיגע ארטיקלען|
רוי:אינסולין|942|אינסולין|9616|קאַטעגאָריע:וויכטיגע ארטיקלען|
רוי:חתונה|2538|חתונה|9641|קאַטעגאָריע:וויכטיגע ארטיקלען|
רוי:עקוואטאר|1259|קו המשווה|9704|קאַטעגאָריע:וויכטיגע ארטיקלען|
רוי:דעמאגראפיע|2801|דמוגרפיה|9756|קאַטעגאָריע:עלעמענטארע ארטיקלען|
רוי:כראמאזאם|1051|כרומוזום|9772|קאַטעגאָריע:וויכטיגע ארטיקלען|
רוי:עלעקטראמאגנעטיזם|1883|אלקטרומגנטיות|9779|קאַטעגאָריע:עלעמענטארע ארטיקלען|
רוי:טאג|2118|יממה|9815|קאַטעגאָריע:עלעמענטארע ארטיקלען|
רוי:פייער|1788|אש|9882|קאַטעגאָריע:וויכטיגע ארטיקלען|
רוי:שמונה עשרה|3451|תפילת שמונה עשרה|9930|המכלול:וויכטיגסטע ארטיקלען|
רוי:מייקל פאראדיי|2521|מייקל פאראדיי|10091|קאַטעגאָריע:וויכטיגע ארטיקלען|
רוי:לולב|2323|לולב|10100|קאַטעגאָריע:אידישקייט ארטיקלען|
רוי:שפיאנאזש|1062|ריגול|10159|קאַטעגאָריע:עלעמענטארע ארטיקלען|
"רוי:חז""ל"|1038|"חז""ל"|10259|קאַטעגאָריע:וויכטיגע ארטיקלען|
רוי:עראפלאן|2209|מטוס|10347|קאַטעגאָריע:וויכטיגע ארטיקלען|
רוי:מדבר|1067|מדבר|10394|קאַטעגאָריע:וויכטיגע ארטיקלען|
רוי:וויקי|4770|ויקי|10466|קאַטעגאָריע:וויכטיגע ארטיקלען|
רוי:נייטראן|2456|נייטרון|10597|קאַטעגאָריע:וויכטיגע ארטיקלען|
רוי:ברוקלין בריק שיסעריי אטאקע|9070|פיגוע הירי בגשר ברוקלין|10606|קאַטעגאָריע:וויכטיגע ארטיקלען|
רוי:מעדיעוויקי|2094|מדיה-ויקי|10609|קאַטעגאָריע:וויכטיגע ארטיקלען|
רוי:וועקסלשטראם|2053|זרם חילופין|10626|קאַטעגאָריע:וויכטיגע ארטיקלען|
רוי:שלש רגלים|1473|שלוש רגלים|10712|קאַטעגאָריע:אידישקייט ארטיקלען|
רוי:קוקורוזע|3096|תירס|10790|קאַטעגאָריע:וויכטיגע ארטיקלען|
רוי:טעאריע|838|תאוריה|10834|קאַטעגאָריע:עלעמענטארע ארטיקלען|
רוי:צום גדליה|4143|צום גדליה|10913|וויכטיגסטע, אידישקייט|
רוי:רבקה|573|רבקה אמנו|10937|וויכטיגסטע, אידישקייט|
רוי:גרינצייג|1142|ירק|10961|קאַטעגאָריע:וויכטיגע ארטיקלען|
רוי:דזשעימס קלארק מאקסוועל|16886|ג'יימס קלרק מקסוול|11134|קאַטעגאָריע:וויכטיגע ארטיקלען|
רוי:סטאטיסטיק|2331|סטטיסטיקה|11166|קאַטעגאָריע:עלעמענטארע ארטיקלען|
רוי:חסד|522|גמילות חסדים|11188|קאַטעגאָריע:אידישקייט ארטיקלען|
רוי:זכריה הנביא|522|זכריה הנביא|11193|קאַטעגאָריע:אידישקייט ארטיקלען|
רוי:פרייצייט|1051|פנאי|11210|קאַטעגאָריע:עלעמענטארע ארטיקלען|
רוי:ערנעסט ראדערפארד|2792|ארנסט רתרפורד|11267|קאַטעגאָריע:וויכטיגע ארטיקלען|
רוי:טשאלנט|3671|חמין|11284|קאַטעגאָריע:עלעמענטארע ארטיקלען|
רוי:הונגער|1162|רעב המוני|11424|קאַטעגאָריע:וויכטיגע ארטיקלען|
רוי:נאטירליכע קאטאסטראפע|1347|אסון טבע|11438|קאַטעגאָריע:וויכטיגע ארטיקלען|
רוי:בעט|1079|מיטה|11469|קאַטעגאָריע:וויכטיגע ארטיקלען|
רוי:אייזל|3738|חמור הבית|11478|קאַטעגאָריע:וויכטיגע ארטיקלען|
רוי:ראציאנאלע צאל|2792|מספר רציונלי|11553|קאַטעגאָריע:וויכטיגע ארטיקלען|
רוי:גאלאקסיע|2610|גלקסיה|11644|קאַטעגאָריע:עלעמענטארע ארטיקלען|
רוי:ווערטערבוך|3774|מילון|11677|קאַטעגאָריע:וויכטיגע ארטיקלען|
רוי:World Wide Web|2984|World Wide Web|11701|קאַטעגאָריע:עלעמענטארע ארטיקלען|
רוי:ימים נוראים|3927|ימים נוראים|11701|קאַטעגאָריע:אידישקייט ארטיקלען|
רוי:אמעריקע|982|אמריקה|11864|קאַטעגאָריע:וויכטיגע ארטיקלען|
רוי:בלוט|7183|דם|11900|קאַטעגאָריע:עלעמענטארע ארטיקלען|
רוי:אוקלידוס|1211|אוקלידס|11933|קאַטעגאָריע:וויכטיגע ארטיקלען|
רוי:דעצימאל|1986|השיטה העשרונית|11936|קאַטעגאָריע:וויכטיגע ארטיקלען|
רוי:לויבן|3314|הכרת תודה|11965|קאַטעגאָריע:עלעמענטארע ארטיקלען|
רוי:ערד וויסנשאפט|998|מדעי כדור הארץ|12016|קאַטעגאָריע:וויכטיגע ארטיקלען|
רוי:תשליך|1774|תשליך|12115|קאַטעגאָריע:אידישקייט ארטיקלען|
רוי:קלוגשאפט|1279|חכמה|12179|קאַטעגאָריע:עלעמענטארע ארטיקלען|
רוי:וועבזייטל|770|אתר אינטרנט|12193|קאַטעגאָריע:וויכטיגע ארטיקלען|
רוי:מארק|2488|שוק (כלכלה)|12211|קאַטעגאָריע:עלעמענטארע ארטיקלען|
רוי:מלחמה|3636|מלחמה|12299|קאַטעגאָריע:עלעמענטארע ארטיקלען|
רוי:ליקוי לבנה|2148|ליקוי ירח|12332|קאַטעגאָריע:עלעמענטארע ארטיקלען|
רוי:גרעסטער געמיינזאמער טיילער|1015|מחלק משותף מקסימלי|12367|קאַטעגאָריע:וויכטיגע ארטיקלען|
רוי:אינפארמאציע טעכנאלאגיע|1510|טכנולוגיית מידע|12539|קאַטעגאָריע:וויכטיגע ארטיקלען|
רוי:מאמענטום|831|תנע|12579|קאַטעגאָריע:וויכטיגע ארטיקלען|
רוי:צוגאב|2503|חיבור|12634|קאַטעגאָריע:וויכטיגע ארטיקלען|
רוי:וואלקן|2399|ענן|12680|קאַטעגאָריע:וויכטיגע ארטיקלען|
רוי:צושטאנד פון מאטעריע|2388|מצב צבירה|12720|קאַטעגאָריע:וויכטיגע ארטיקלען|
רוי:ביוראקראטיע|1238|בירוקרטיה|12820|קאַטעגאָריע:וויכטיגע ארטיקלען|
רוי:בלוט פארגליווערונג|807|קרישת דם|12832|קאַטעגאָריע:וויכטיגע ארטיקלען|
רוי:לימפאטישע סיסטעם|797|מערכת הלימפה|12882|קאַטעגאָריע:וויכטיגע ארטיקלען|
רוי:טערמאדינאמיק|1500|תרמודינמיקה|12885|קאַטעגאָריע:עלעמענטארע ארטיקלען|
רוי:בענזין|11102|בנזין|12897|קאַטעגאָריע:וויכטיגע ארטיקלען|
רוי:רב|5040|רב|12905|המכלול:וויכטיגסטע ארטיקלען|
רוי:שרה|1178|שרה אמנו|13000|המכלול:וויכטיגסטע ארטיקלען|
רוי:יוניקאד|864|יוניקוד|13049|קאַטעגאָריע:וויכטיגע ארטיקלען|
רוי:DNS|1711|Domain Name System|13101|קאַטעגאָריע:וויכטיגע ארטיקלען|
רוי:ווינט|4263|רוח|13182|קאַטעגאָריע:וויכטיגע ארטיקלען|
רוי:זאאלאגיע|1012|זואולוגיה|13208|קאַטעגאָריע:וויכטיגע ארטיקלען|
רוי:רויטער קרייץ|4862|הצלב האדום|13213|קאַטעגאָריע:וויכטיגע ארטיקלען|
רוי:שמאי הזקן|5597|שמאי הזקן|13252|וויכטיגסטע, אידישקייט|
רוי:יהודה בן טבאי|3236|יהודה בן טבאי|13255|קאַטעגאָריע:אידישקייט ארטיקלען|
רוי:גאס|1018|רחוב|13287|קאַטעגאָריע:וויכטיגע ארטיקלען|
רוי:הויט|2281|עור|13538|קאַטעגאָריע:וויכטיגע ארטיקלען|
רוי:פערסישע אימפעריע|2739|ממלכת פרס|13546|קאַטעגאָריע:עלעמענטארע ארטיקלען|
רוי:סימעטריע|3113|סימטריה|13713|קאַטעגאָריע:וויכטיגע ארטיקלען|
רוי:בינארישע סיסטעם|2803|בסיס בינארי|13836|קאַטעגאָריע:עלעמענטארע ארטיקלען|
רוי:טארנאדא|2385|טורנדו|13871|קאַטעגאָריע:וויכטיגע ארטיקלען|
רוי:דרוקעריי|2009|דפוס|13901|קאַטעגאָריע:עלעמענטארע ארטיקלען|
רוי:HTML|4366|HTML|13919|קאַטעגאָריע:וויכטיגע ארטיקלען|
רוי:ציוויליזאציע|2552|ציוויליזציה|13940|קאַטעגאָריע:וויכטיגע ארטיקלען|
רוי:נאוויגאציע|1904|ניווט|14111|קאַטעגאָריע:וויכטיגע ארטיקלען|
רוי:פרוכט|3106|פרי|14117|קאַטעגאָריע:עלעמענטארע ארטיקלען|
רוי:זיידן שטראז|1341|דרך המשי|14121|קאַטעגאָריע:וויכטיגע ארטיקלען|
רוי:לובלין|7781|לובלין|14131|קאַטעגאָריע:וויכטיגע ארטיקלען|
רוי:התאחדות הרבנים|3181|התאחדות הרבנים דארצות הברית וקנדה|14268|המכלול:וויכטיגסטע ארטיקלען|
רוי:רבי יצחק אלחנן ספעקטאר|1820|רבי יצחק אלחנן ספקטור|14485|קאַטעגאָריע:וויכטיגע ארטיקלען|
רוי:טור|4505|ארבעה טורים|14622|קאַטעגאָריע:וויכטיגע ארטיקלען|
רוי:האלץ|1642|עץ (חומר גלם)|14626|קאַטעגאָריע:וויכטיגע ארטיקלען|
רוי:אויער|1782|אוזן|14795|קאַטעגאָריע:וויכטיגע ארטיקלען|
רוי:תלמוד תורה|2193|תלמוד תורה|14870|וויכטיגסטע, אידישקייט|
רוי:גענעטיק|1756|גנטיקה|14894|קאַטעגאָריע:עלעמענטארע ארטיקלען|
רוי:פסח שני|1467|פסח שני|14918|המכלול:וויכטיגסטע ארטיקלען|
רוי:ישעיהו|1728|ישעיהו|15015|קאַטעגאָריע:אידישקייט ארטיקלען|
רוי:קריאת שמע|947|קריאת שמע|15035|וויכטיגסטע, אידישקייט|
רוי:מדינה|1232|מדינה|15104|קאַטעגאָריע:וויכטיגע ארטיקלען|
רוי:בוס|1173|אוטובוס|15141|קאַטעגאָריע:וויכטיגע ארטיקלען|
רוי:געאגראפיע|16845|גאוגרפיה|15194|קאַטעגאָריע:עלעמענטארע ארטיקלען|
רוי:סנחריב|1413|סנחריב|15269|המכלול:וויכטיגסטע ארטיקלען|
רוי:פארשונג|1491|מחקר|15321|קאַטעגאָריע:וויכטיגע ארטיקלען|
רוי:כירורגיע|1943|כירורגיה|15371|קאַטעגאָריע:וויכטיגע ארטיקלען|
רוי:עשרה בטבת|6906|עשרה בטבת|15560|המכלול:וויכטיגסטע ארטיקלען|
רוי:בלום|2333|פרח|15647|קאַטעגאָריע:וויכטיגע ארטיקלען|
רוי:חזקת ממון|743|חזקת ממון|15712|קאַטעגאָריע:וויכטיגע ארטיקלען|
רוי:כורש|1990|כורש|15910|קאַטעגאָריע:וויכטיגע ארטיקלען|
רוי:אויפפיר|1774|התנהגות|15939|קאַטעגאָריע:וויכטיגע ארטיקלען|
רוי:עלעמענטארע אלגעברע|8021|אלגברה בסיסית|16091|קאַטעגאָריע:וויכטיגע ארטיקלען|
רוי:פאליציי|1638|משטרה|16142|קאַטעגאָריע:וויכטיגע ארטיקלען|
רוי:שביעי של פסח|4897|שביעי של פסח|16160|המכלול:וויכטיגסטע ארטיקלען|
רוי:וואלן|4089|בחירות|16462|קאַטעגאָריע:וויכטיגע ארטיקלען|
רוי:אביי|8884|אביי|16479|וויכטיגסטע, אידישקייט|
רוי:רוטירער|2105|נתב|16540|קאַטעגאָריע:וויכטיגע ארטיקלען|
רוי:ליינען|705|קריאה|16558|קאַטעגאָריע:עלעמענטארע ארטיקלען|
רוי:אחשוורוש|715|אחשוורוש|16615|קאַטעגאָריע:וויכטיגע ארטיקלען|
רוי:מאגן|1234|קיבה|16700|קאַטעגאָריע:וויכטיגע ארטיקלען|
רוי:הר דב|1223|הר דב|16774|קאַטעגאָריע:עלעמענטארע ארטיקלען|
רוי:אחרונים|1149|אחרונים|16844|וויכטיגסטע, אידישקייט|
רוי:לשון הרע|1604|לשון הרע|16925|קאַטעגאָריע:אידישקייט ארטיקלען|
רוי:ספר עובדיה|1368|עובדיה|17036|קאַטעגאָריע:אידישקייט ארטיקלען|
רוי:רבי חיים האלבערשטאם|22133|רבי חיים הלברשטאם|17140|קאַטעגאָריע:וויכטיגע ארטיקלען|
רוי:מעריב|2207|תפילת ערבית|17175|קאַטעגאָריע:אידישקייט ארטיקלען|
רוי:ראדיאאקטיוויטעט|2053|רדיואקטיביות|17178|קאַטעגאָריע:וויכטיגע ארטיקלען|
רוי:געזעלשאפט (סאציאלאגיע)|1915|חברה (סוציולוגיה)|17254|קאַטעגאָריע:וויכטיגע ארטיקלען|
רוי:מאקסוועלס גלייכונגען|3077|משוואות מקסוול|17306|קאַטעגאָריע:וויכטיגע ארטיקלען|
רוי:גיבראלטאר|892|גיברלטר|17331|קאַטעגאָריע:וויכטיגע ארטיקלען|
רוי:ענערגיע|2578|אנרגיה|17362|קאַטעגאָריע:עלעמענטארע ארטיקלען|
רוי:אויבערלאנד|2587|הונגריה העליונה|17415|קאַטעגאָריע:וויכטיגע ארטיקלען|
רוי:שבעה עשר בתמוז|2131|שבעה עשר בתמוז|17543|המכלול:וויכטיגסטע ארטיקלען|
רוי:מאס|2992|מדידה|17594|קאַטעגאָריע:וויכטיגע ארטיקלען|
רוי:מסילת ישרים|3125|מסילת ישרים|17619|קאַטעגאָריע:אידישקייט ארטיקלען|
רוי:שלחן ערוך|4063|שולחן ערוך|17631|קאַטעגאָריע:אידישקייט ארטיקלען|
רוי:שפיטאל|1993|בית חולים|17706|קאַטעגאָריע:וויכטיגע ארטיקלען|
רוי:חוש-סיסטעם|1313|מערכות חישה|17718|קאַטעגאָריע:וויכטיגע ארטיקלען|
רוי:כוואליע|546|גל|17741|קאַטעגאָריע:עלעמענטארע ארטיקלען|
רוי:פירמע|1258|חברה (תאגיד)|17780|קאַטעגאָריע:עלעמענטארע ארטיקלען|
רוי:IP אדרעס|4939|כתובת IP|17789|קאַטעגאָריע:וויכטיגע ארטיקלען|
רוי:אלגעברע|18546|אלגברה|17955|קאַטעגאָריע:עלעמענטארע ארטיקלען|
רוי:זייערס|3779|חומצה|17956|קאַטעגאָריע:עלעמענטארע ארטיקלען|
רוי:טעכנאלאגיע|17436|טכנולוגיה|17994|קאַטעגאָריע:עלעמענטארע ארטיקלען|
רוי:מאגנעטיש פעלד|3726|שדה מגנטי|18146|קאַטעגאָריע:וויכטיגע ארטיקלען|
רוי:מוסר|1919|מוסר|18223|קאַטעגאָריע:אידישקייט ארטיקלען|
רוי:באן|7496|רכבת|18254|קאַטעגאָריע:וויכטיגע ארטיקלען|
רוי:ציצית|2560|ציצית|18257|וויכטיגסטע, אידישקייט|
רוי:הלל הזקן|12146|הלל הזקן|18297|וויכטיגסטע, אידישקייט|
רוי:עלעקטראן|1203|אלקטרון|18338|קאַטעגאָריע:וויכטיגע ארטיקלען|
רוי:מאה שערים גאס|2862|רחוב מאה שערים|18348|קאַטעגאָריע:עלעמענטארע ארטיקלען|
רוי:מיליטער|1497|צבא|18374|קאַטעגאָריע:עלעמענטארע ארטיקלען|
רוי:סענאט|853|הסנאט של ארצות הברית|18390|קאַטעגאָריע:וויכטיגע ארטיקלען|
רוי:ליטוואקעס|1457|ליטאים (זרם)|18454|קאַטעגאָריע:אידישקייט ארטיקלען|
רוי:ירדן טייך|2578|נהר הירדן|18468|קאַטעגאָריע:וויכטיגע ארטיקלען|
רוי:תענית|2492|תענית|18561|קאַטעגאָריע:אידישקייט ארטיקלען|
רוי:קאמפאס|2216|מצפן|18602|קאַטעגאָריע:וויכטיגע ארטיקלען|
רוי:אביגיל הכרמלית|478|אביגיל|18639|קאַטעגאָריע:וויכטיגע ארטיקלען|
רוי:ירבעם בן נבט|2083|ירבעם בן נבט|18669|קאַטעגאָריע:אידישקייט ארטיקלען|
רוי:אפערירן סיסטעם|2250|מערכת הפעלה|18679|קאַטעגאָריע:עלעמענטארע ארטיקלען|
רוי:רבי יהודה בר אלעאי|15983|רבי יהודה|18690|קאַטעגאָריע:וויכטיגע ארטיקלען|
רוי:שמחת בית השואבה|1871|שמחת בית השואבה|18771|קאַטעגאָריע:וויכטיגע ארטיקלען|
רוי:איוב|1238|איוב|18793|קאַטעגאָריע:אידישקייט ארטיקלען|
רוי:אראמיש|5227|ארמית|18887|קאַטעגאָריע:וויכטיגע ארטיקלען|
רוי:Ethernet|742|אתרנט|18905|קאַטעגאָריע:וויכטיגע ארטיקלען|
רוי:מוקצה|3483|מוקצה|18957|קאַטעגאָריע:אידישקייט ארטיקלען|
רוי:קינעטישע ענערגיע|1527|אנרגיה קינטית|19032|קאַטעגאָריע:וויכטיגע ארטיקלען|
רוי:רבי יצחק זאב הלוי סאלאווייטשיק|4249|רבי יצחק זאב הלוי סולובייצ'יק|19114|קאַטעגאָריע:וויכטיגע ארטיקלען|
רוי:יצחק אבינו|898|יצחק אבינו|19115|וויכטיגסטע, אידישקייט|
רוי:אמציה|472|אמציה|19156|קאַטעגאָריע:אידישקייט ארטיקלען|
רוי:לכה דודי|1799|לכה דודי|19205|קאַטעגאָריע:אידישקייט ארטיקלען|
רוי:פיטאגאראס|1679|פיתגורס|19211|קאַטעגאָריע:וויכטיגע ארטיקלען|
רוי:אינפעקציע|1254|זיהום (רפואה)|19219|קאַטעגאָריע:וויכטיגע ארטיקלען|
רוי:ענזים|1906|אנזים|19271|קאַטעגאָריע:וויכטיגע ארטיקלען|
רוי:דרוק|1080|לחץ|19275|קאַטעגאָריע:וויכטיגע ארטיקלען|
רוי:אהרן הכהן|1673|אהרן הכהן|19345|המכלול:וויכטיגסטע ארטיקלען|
רוי:רבי יוסף קארו|1073|רבי יוסף קארו|19437|המכלול:וויכטיגסטע ארטיקלען|
רוי:שמיני עצרת|1393|שמיני עצרת|19439|וויכטיגסטע, אידישקייט|
"רוי:רי""ף"|2290|"רי""ף"|19457|המכלול:וויכטיגסטע ארטיקלען|
"רוי:רי""ף"|2290|"רי""ף"|19457|קאַטעגאָריע:אידישקייט ארטיקלען|
רוי:לאנד|4601|ארץ (גאוגרפיה)|19502|קאַטעגאָריע:עלעמענטארע ארטיקלען|
רוי:קארפאראציע|533|תאגיד|19579|קאַטעגאָריע:עלעמענטארע ארטיקלען|
רוי:פרוזבול|2341|פרוזבול|19581|קאַטעגאָריע:אידישקייט ארטיקלען|
רוי:שמואל|8206|שמואל|19612|המכלול:וויכטיגסטע ארטיקלען|
רוי:טעם|1142|טעם|19643|קאַטעגאָריע:עלעמענטארע ארטיקלען|
רוי:מיקראפאן|796|מיקרופון|19785|קאַטעגאָריע:וויכטיגע ארטיקלען|
רוי:אמעריקאנער דאלאר|4678|דולר אמריקאי|19786|קאַטעגאָריע:וויכטיגע ארטיקלען|
רוי:מאשין|2654|מכונה|19921|קאַטעגאָריע:עלעמענטארע ארטיקלען|
רוי:אטאם|18606|אטום|19960|קאַטעגאָריע:עלעמענטארע ארטיקלען|
רוי:רחל|2859|רחל אמנו|20038|המכלול:וויכטיגסטע ארטיקלען|
רוי:רבי יחזקאל לאנדא|8276|רבי יחזקאל לנדא|20089|קאַטעגאָריע:וויכטיגע ארטיקלען|
רוי:באנק|20449|בנק|20115|קאַטעגאָריע:וויכטיגע ארטיקלען|
רוי:DNA|1194|DNA|20131|קאַטעגאָריע:עלעמענטארע ארטיקלען|
רוי:מאנאפאל|1915|מונופול|20154|קאַטעגאָריע:וויכטיגע ארטיקלען|
רוי:תרומה גדולה|4284|תרומה גדולה|20236|קאַטעגאָריע:אידישקייט ארטיקלען|
"רוי:תרי""ג מצוות"|33513|"תרי""ג מצוות"|20242|המכלול:וויכטיגסטע ארטיקלען|
רוי:משנה ברורה|1907|משנה ברורה|20340|קאַטעגאָריע:וויכטיגע ארטיקלען|
רוי:מאסע|1349|מסה|20392|קאַטעגאָריע:וויכטיגע ארטיקלען|
רוי:ראפאעל|879|רפאל (צייר)|20397|קאַטעגאָריע:וויכטיגע ארטיקלען|
רוי:נארמאלע פארטיילונג|1735|התפלגות נורמלית|20528|קאַטעגאָריע:וויכטיגע ארטיקלען|
רוי:USB|730|USB|20531|קאַטעגאָריע:וויכטיגע ארטיקלען|
רוי:מוסר באוועגונג|12647|תנועת המוסר|20707|קאַטעגאָריע:אידישקייט ארטיקלען|
רוי:לא תחנם|2280|לא תחנם|20747|קאַטעגאָריע:אידישקייט ארטיקלען|
רוי:באטעריע|2732|סוללה חשמלית|20899|קאַטעגאָריע:עלעמענטארע ארטיקלען|
רוי:אימעיל|3815|דואר אלקטרוני|20900|קאַטעגאָריע:עלעמענטארע ארטיקלען|
רוי:האלב-דורכפירער|1642|מוליך למחצה|21065|קאַטעגאָריע:וויכטיגע ארטיקלען|
רוי:ראש חודש|1199|ראש חודש|21070|וויכטיגסטע, אידישקייט|
רוי:קארטאפל|4766|תפוח אדמה|21294|קאַטעגאָריע:וויכטיגע ארטיקלען|
רוי:איי-קיו|581|מנת משכל|21344|קאַטעגאָריע:עלעמענטארע ארטיקלען|
רוי:די זיבן מצוות בני נח|7184|שבע מצוות בני נח|21358|קאַטעגאָריע:אידישקייט ארטיקלען|
"רוי:י""ג עיקרים"|829|עיקרי האמונה|21380|קאַטעגאָריע:אידישקייט ארטיקלען|
רוי:יסודות פון אמונה|6489|עיקרי האמונה|21380|קאַטעגאָריע:אידישקייט ארטיקלען|
רוי:יחזקאל|4134|יחזקאל|21495|קאַטעגאָריע:אידישקייט ארטיקלען|
רוי:רבי יהודה החסיד|927|רבי יהודה החסיד|21509|קאַטעגאָריע:וויכטיגע ארטיקלען|
רוי:אסתר|662|אסתר|21578|קאַטעגאָריע:וויכטיגע ארטיקלען|
רוי:גיך פון ליכט|2215|מהירות האור|21580|קאַטעגאָריע:עלעמענטארע ארטיקלען|
רוי:צדקה|2705|צדקה (מצוה)|21815|וויכטיגסטע, אידישקייט|
רוי:זשעימס וואט|1298|ג'יימס ואט|21823|קאַטעגאָריע:וויכטיגע ארטיקלען|
רוי:געווער|2864|כלי נשק|22132|קאַטעגאָריע:וויכטיגע ארטיקלען|
רוי:פרה אדומה|3884|פרה אדומה|22148|קאַטעגאָריע:אידישקייט ארטיקלען|
רוי:הארטער דיסק|1513|דיסק קשיח|22210|קאַטעגאָריע:וויכטיגע ארטיקלען|
רוי:חול המועד|2125|חול המועד|22293|וויכטיגסטע, אידישקייט|
רוי:טאפלונג|2883|כפל|22297|קאַטעגאָריע:וויכטיגע ארטיקלען|
רוי:קונסט|2537|אמנות|22313|קאַטעגאָריע:עלעמענטארע ארטיקלען|
רוי:פאליטיק|952|פוליטיקה|22386|קאַטעגאָריע:עלעמענטארע ארטיקלען|
רוי:סוכות|4313|חג הסוכות|22478|המכלול:וויכטיגסטע ארטיקלען|
רוי:יהודה המכבי|6128|יהודה המכבי|22487|קאַטעגאָריע:וויכטיגע ארטיקלען|
רוי:רב האי גאון|735|רב האי גאון|22586|וויכטיגסטע, אידישקייט|
רוי:אחאב|951|אחאב|22867|וויכטיגסטע, אידישקייט|
רוי:קאמפיוטער ווירוס|1320|וירוס מחשב|22870|קאַטעגאָריע:עלעמענטארע ארטיקלען|
רוי:פאטאגראפיע|2011|צילום|23075|קאַטעגאָריע:וויכטיגע ארטיקלען|
רוי:אינטערנאציאנאלער געלטפאנד|3317|קרן המטבע הבין-לאומית|23179|קאַטעגאָריע:וויכטיגע ארטיקלען|
רוי:סנהדרין|2378|סנהדרין|23183|המכלול:וויכטיגסטע ארטיקלען|
רוי:טעלעקאמוניקאציע|1246|טלקומוניקציה|23237|קאַטעגאָריע:וויכטיגע ארטיקלען|
רוי:טלית|1528|טלית|23272|קאַטעגאָריע:וויכטיגע ארטיקלען|
רוי:האנדל|1091|מסחר|23300|קאַטעגאָריע:עלעמענטארע ארטיקלען|
רוי:מגילת רות|2090|מגילת רות|23321|קאַטעגאָריע:אידישקייט ארטיקלען|
רוי:ערד פלאטעס|1420|טקטוניקת הלוחות|23332|קאַטעגאָריע:וויכטיגע ארטיקלען|
רוי:פארזארג|709|היצע|23511|קאַטעגאָריע:עלעמענטארע ארטיקלען|
רוי:נירנבערג געזעצן|1046|חוקי נירנברג|23527|קאַטעגאָריע:וויכטיגע ארטיקלען|
רוי:טעלעסקאפ|1322|טלסקופ|23570|קאַטעגאָריע:וויכטיגע ארטיקלען|
רוי:שרעדינגער גלייכונג|7283|משוואת שרדינגר|23575|קאַטעגאָריע:וויכטיגע ארטיקלען|
רוי:זייגער|2155|שעון|23611|קאַטעגאָריע:וויכטיגע ארטיקלען|
רוי:GPS|1023|GPS|23620|קאַטעגאָריע:וויכטיגע ארטיקלען|
רוי:רבינו גרשום|985|רבינו גרשום|23697|וויכטיגסטע, אידישקייט|
רוי:מארי קורי|3613|מארי קירי|23712|קאַטעגאָריע:וויכטיגע ארטיקלען|
רוי:אינפארמאציע|1805|מידע|23916|קאַטעגאָריע:וויכטיגע ארטיקלען|
רוי:חזקיהו|2206|חזקיהו|24218|וויכטיגסטע, אידישקייט|
רוי:ניעלס באהר|2373|נילס בוהר|24338|קאַטעגאָריע:וויכטיגע ארטיקלען|
רוי:מיקראסקאפ|1023|מיקרוסקופ|24359|קאַטעגאָריע:וויכטיגע ארטיקלען|
רוי:נח|2371|נח|24457|וויכטיגסטע, אידישקייט|
רוי:אריסטו|4438|אריסטו|24470|קאַטעגאָריע:עלעמענטארע ארטיקלען|
רוי:ביקס|786|רובה|24735|קאַטעגאָריע:עלעמענטארע ארטיקלען|
רוי:ניקאליי קופערניקוס|1931|ניקולאוס קופרניקוס|24773|קאַטעגאָריע:וויכטיגע ארטיקלען|
רוי:רעגן|1629|גשם|24830|קאַטעגאָריע:וויכטיגע ארטיקלען|
רוי:רבינו תם|923|רבנו תם|24856|וויכטיגסטע, אידישקייט|
רוי:ברכת המזון|5009|ברכת המזון|24927|קאַטעגאָריע:וויכטיגע ארטיקלען|
רוי:יום כיפור|2219|יום הכיפורים|24946|המכלול:וויכטיגסטע ארטיקלען|
רוי:אימון-סיסטעם|5997|מערכת החיסון|25043|קאַטעגאָריע:עלעמענטארע ארטיקלען|
רוי:מאפע|1652|מפה|25047|קאַטעגאָריע:וויכטיגע ארטיקלען|
רוי:חורבן בית המקדש|720|חורבן בית המקדש|25098|קאַטעגאָריע:אידישקייט ארטיקלען|
רוי:אנטארקטיקע|1549|אנטארקטיקה|25111|קאַטעגאָריע:עלעמענטארע ארטיקלען|
רוי:קבלת שבת|4642|קבלת שבת|25463|קאַטעגאָריע:אידישקייט ארטיקלען|
רוי:הלכות רב אלפס|5692|הלכות רב אלפס|25667|קאַטעגאָריע:וויכטיגע ארטיקלען|
רוי:מעמד הר סיני|1843|מעמד הר סיני|25690|המכלול:וויכטיגסטע ארטיקלען|
רוי:וועלט באנק|2018|הבנק העולמי|25708|קאַטעגאָריע:וויכטיגע ארטיקלען|
רוי:RAM זיכרון|1577|זיכרון גישה אקראית|25880|קאַטעגאָריע:וויכטיגע ארטיקלען|
רוי:הושענא רבא|3315|הושענא רבה|26028|וויכטיגסטע, אידישקייט|
רוי:ענטראפיע|4064|אנטרופיה|26193|קאַטעגאָריע:וויכטיגע ארטיקלען|
רוי:עפידעמיע|936|מגפה|26340|קאַטעגאָריע:וויכטיגע ארטיקלען|
רוי:קופער|1729|נחושת|26374|קאַטעגאָריע:וויכטיגע ארטיקלען|
רוי:רבי שלמה זלמן אויערבאך|8862|רבי שלמה זלמן אוירבך|26478|המכלול:וויכטיגסטע ארטיקלען|
רוי:קראקא|12768|קרקוב|26537|קאַטעגאָריע:וויכטיגע ארטיקלען|
רוי:אמוראים|7891|אמוראים|26783|וויכטיגסטע, אידישקייט|
רוי:קאליר|2086|צבע|26841|קאַטעגאָריע:עלעמענטארע ארטיקלען|
"רוי:רא""ש"|6894|"רא""ש"|26860|המכלול:וויכטיגסטע ארטיקלען|
רוי:פילאזאפיע|10759|פילוסופיה|26918|קאַטעגאָריע:אידישקייט ארטיקלען|
רוי:רבי מיכאל בער ווייסמאנדל|4684|רבי חיים מיכאל דב ויסמנדל|27143|קאַטעגאָריע:וויכטיגע ארטיקלען|
רוי:עסטרייך אונגארישע אימפעריע|5535|האימפריה האוסטרו-הונגרית|27167|קאַטעגאָריע:וויכטיגע ארטיקלען|
רוי:אידענטיטעט קארטע|748|תעודת זהות|27183|קאַטעגאָריע:עלעמענטארע ארטיקלען|
רוי:זוכמאשין|1508|מנוע חיפוש|27189|קאַטעגאָריע:וויכטיגע ארטיקלען|
רוי:ראדיא|1909|רדיו|27478|קאַטעגאָריע:וויכטיגע ארטיקלען|
רוי:רבי עובדיה מברטנורא|7028|רבי עובדיה מברטנורא|27569|קאַטעגאָריע:וויכטיגע ארטיקלען|
רוי:בבל|1072|בבל|27961|קאַטעגאָריע:עלעמענטארע ארטיקלען|
רוי:זון|18569|השמש|28158|קאַטעגאָריע:עלעמענטארע ארטיקלען|
רוי:רוים|16550|רומא|28222|קאַטעגאָריע:וויכטיגע ארטיקלען|
רוי:שטייגעררעכט|874|המשפט המקובל|28274|קאַטעגאָריע:וויכטיגע ארטיקלען|
רוי:פארלאמענט|3666|פרלמנט|28280|קאַטעגאָריע:וויכטיגע ארטיקלען|
רוי:גראוויטאציע|2519|כבידה|28377|קאַטעגאָריע:עלעמענטארע ארטיקלען|
רוי:דעמאקראטישע פארטיי|1428|המפלגה הדמוקרטית|28419|קאַטעגאָריע:וויכטיגע ארטיקלען|
רוי:רבי יעקב עמדין|5356|רבי יעקב עמדין|28486|המכלול:וויכטיגסטע ארטיקלען|
רוי:יהושפט|634|יהושפט|28734|וויכטיגסטע, אידישקייט|
רוי:וויסנשאפט|11515|מדע|29004|קאַטעגאָריע:עלעמענטארע ארטיקלען|
רוי:רבי יהושע לייב דיסקין|1291|רבי משה יהושע יהודה לייב דיסקין|29012|קאַטעגאָריע:וויכטיגע ארטיקלען|
רוי:רבי אליעזר בן הורקנוס|34110|רבי אליעזר בן הורקנוס|29134|קאַטעגאָריע:וויכטיגע ארטיקלען|
רוי:טויט|2762|מוות|29267|קאַטעגאָריע:עלעמענטארע ארטיקלען|
רוי:מאנגאלישע אימפעריע|2637|האימפריה המונגולית|29519|קאַטעגאָריע:עלעמענטארע ארטיקלען|
רוי:מענטשן רעכט|1789|זכויות האדם|29523|קאַטעגאָריע:וויכטיגע ארטיקלען|
רוי:גאונים|2607|גאונים|29621|המכלול:וויכטיגסטע ארטיקלען|
רוי:דעריוואטיוו|5542|נגזרת|29646|קאַטעגאָריע:וויכטיגע ארטיקלען|
רוי:וואלוטע|30550|הכסף בראייה מקרו-כלכלית|29661|קאַטעגאָריע:עלעמענטארע ארטיקלען|
רוי:מנחה|1830|תפילת מנחה|29864|קאַטעגאָריע:אידישקייט ארטיקלען|
רוי:קלאסישע מוזיק|4925|מוזיקה קלאסית|29926|קאַטעגאָריע:וויכטיגע ארטיקלען|
רוי:טראנזיסטאר|1617|טרנזיסטור|30044|קאַטעגאָריע:וויכטיגע ארטיקלען|
רוי:מועצת גדולי התורה|19983|מועצת גדולי התורה|30092|המכלול:וויכטיגסטע ארטיקלען|
רוי:מחיצה|787|מחיצה (הלכה)|30106|קאַטעגאָריע:וויכטיגע ארטיקלען|
רוי:ראשונים|1679|ראשונים|30416|המכלול:וויכטיגסטע ארטיקלען|
רוי:באָרג|1811|הלוואה|30428|קאַטעגאָריע:עלעמענטארע ארטיקלען|
רוי:ספר שמות|2491|שמות|30521|קאַטעגאָריע:אידישקייט ארטיקלען|
רוי:לאטיין|3532|לטינית|30531|קאַטעגאָריע:וויכטיגע ארטיקלען|
רוי:רבי מאיר|16856|רבי מאיר|30657|המכלול:וויכטיגסטע ארטיקלען|
רוי:חשבון|2545|ארבע פעולות החשבון|30903|קאַטעגאָריע:וויכטיגע ארטיקלען|
רוי:שמחת תורה|1850|שמחת תורה|31249|המכלול:וויכטיגסטע ארטיקלען|
רוי:לאקאמאטיוו|3423|קטר (רכבת)|31283|קאַטעגאָריע:וויכטיגע ארטיקלען|
רוי:גיטאר|1477|גיטרה|31567|קאַטעגאָריע:וויכטיגע ארטיקלען|
רוי:הר הרצל|8155|הר הרצל|31692|קאַטעגאָריע:עלעמענטארע ארטיקלען|
רוי:מזוזה|2502|מזוזה|31816|קאַטעגאָריע:אידישקייט ארטיקלען|
רוי:פראצעסאר|1832|מעבד|31859|קאַטעגאָריע:עלעמענטארע ארטיקלען|
רוי:טיכא בראהע|1547|טיכו ברהה|31873|קאַטעגאָריע:וויכטיגע ארטיקלען|
רוי:מאטארציקל|776|אופנוע|31922|קאַטעגאָריע:וויכטיגע ארטיקלען|
רוי:רענע דעקארט|1377|רנה דקארט|32019|קאַטעגאָריע:וויכטיגע ארטיקלען|
רוי:ציפער|709|ספרה|32084|קאַטעגאָריע:וויכטיגע ארטיקלען|
רוי:באוואוסטזיין|550|תודעה|32453|קאַטעגאָריע:עלעמענטארע ארטיקלען|
רוי:טעלעפאן|4718|טלפון|32458|קאַטעגאָריע:וויכטיגע ארטיקלען|
"רוי:נאט""א"|4602|"נאט""ו"|32650|קאַטעגאָריע:וויכטיגע ארטיקלען|
רוי:בעלי חיים|2090|בעלי חיים|32861|קאַטעגאָריע:וויכטיגע ארטיקלען|
רוי:מלכות ישראל|1116|ממלכת ישראל|32952|קאַטעגאָריע:אידישקייט ארטיקלען|
רוי:שטייער|2050|מס|33255|קאַטעגאָריע:וויכטיגע ארטיקלען|
רוי:יוסף|1293|יוסף|33672|וויכטיגסטע, אידישקייט|
רוי:עוזיהו|672|עוזיהו|33849|קאַטעגאָריע:אידישקייט ארטיקלען|
"רוי:ל""ט מלאכות"|2429|"ל""ט אבות מלאכה"|33851|קאַטעגאָריע:אידישקייט ארטיקלען|
רוי:עקאלאגיע|1420|אקולוגיה|33860|קאַטעגאָריע:וויכטיגע ארטיקלען|
רוי:לאדינא|4885|לאדינו|34018|קאַטעגאָריע:עלעמענטארע ארטיקלען|
רוי:אדיקציע|1920|התמכרות|34228|קאַטעגאָריע:וויכטיגע ארטיקלען|
רוי:משה רבינו|1318|משה רבינו|34456|וויכטיגסטע, אידישקייט|
רוי:יאזעף היידן|2797|יוזף היידן|34599|קאַטעגאָריע:וויכטיגע ארטיקלען|
רוי:אמסטערדאם|7303|אמסטרדם|34645|קאַטעגאָריע:וויכטיגע ארטיקלען|
רוי:מידות שהתורה נדרשת בהן|809|מידות שהתורה נדרשת בהן|35554|קאַטעגאָריע:אידישקייט ארטיקלען|
רוי:נאפט|1086|נפט|35566|קאַטעגאָריע:וויכטיגע ארטיקלען|
רוי:אפריקע|30490|אפריקה|35690|קאַטעגאָריע:עלעמענטארע ארטיקלען|
רוי:תחנון|4292|תחנון|35820|קאַטעגאָריע:אידישקייט ארטיקלען|
רוי:אמאזאן (פירמע)|1591|אמזון|35952|קאַטעגאָריע:וויכטיגע ארטיקלען|
רוי:טאטואירונג|1934|כתובת קעקע|35999|קאַטעגאָריע:עלעמענטארע ארטיקלען|
רוי:ראש השנה|2852|ראש השנה|36022|וויכטיגסטע, אידישקייט|
רוי:פיוט|868|פיוט|36218|קאַטעגאָריע:וויכטיגע ארטיקלען|
רוי:שלמה המלך|6414|שלמה המלך|36284|המכלול:וויכטיגסטע ארטיקלען|
רוי:אנשי כנסת הגדולה|5457|כנסת הגדולה|36974|המכלול:וויכטיגסטע ארטיקלען|
רוי:אריטמעטיק|11564|אריתמטיקה|37014|קאַטעגאָריע:עלעמענטארע ארטיקלען|
רוי:ליקוי חמה|3322|ליקוי חמה|37215|קאַטעגאָריע:עלעמענטארע ארטיקלען|
רוי:חמשה עשר באב|2150|"ט""ו באב (מועד)"|37802|קאַטעגאָריע:וויכטיגע ארטיקלען|
רוי:צייט|3150|זמן|37882|קאַטעגאָריע:עלעמענטארע ארטיקלען|
רוי:יום טוב|4621|חגי ישראל ומועדיו|37891|המכלול:וויכטיגסטע ארטיקלען|
רוי:תימן|3734|תימן|37898|קאַטעגאָריע:וויכטיגע ארטיקלען|
רוי:ארכעאלאגיע|977|ארכאולוגיה|38208|קאַטעגאָריע:עלעמענטארע ארטיקלען|
רוי:העברעישע וויקיפעדיע|2825|ויקיפדיה העברית|38217|קאַטעגאָריע:וויכטיגע ארטיקלען|
רוי:יריחו|3838|יריחו|38974|קאַטעגאָריע:עלעמענטארע ארטיקלען|
רוי:בעל שם טוב|32912|רבי ישראל בעל שם טוב|39234|המכלול:וויכטיגסטע ארטיקלען|
רוי:אינדאנעזיע|18152|אינדונזיה|39460|קאַטעגאָריע:וויכטיגע ארטיקלען|
רוי:יעקב אבינו|1974|יעקב אבינו|39487|וויכטיגסטע, אידישקייט|
רוי:דעמאקראטיע|13629|דמוקרטיה|39874|קאַטעגאָריע:עלעמענטארע ארטיקלען|
רוי:באקטעריע|2115|חיידקים|40043|קאַטעגאָריע:וויכטיגע ארטיקלען|
רוי:זוהר|1861|ספר הזוהר|40370|קאַטעגאָריע:אידישקייט ארטיקלען|
רוי:שאול המלך|1601|שאול|40967|וויכטיגסטע, אידישקייט|
רוי:דיפלאמאטיע|2671|דיפלומטיה|41197|קאַטעגאָריע:וויכטיגע ארטיקלען|
רוי:חנוכה|17718|חנוכה|41527|וויכטיגסטע, אידישקייט|
רוי:יאהאן וואלפגאנג פאן געטע|2532|יוהאן וולפגנג פון גתה|41599|קאַטעגאָריע:וויכטיגע ארטיקלען|
רוי:אטאמאנישע אימפעריע|19785|האימפריה העות'מאנית|42282|קאַטעגאָריע:עלעמענטארע ארטיקלען|
רוי:שמעון הצדיק|6603|שמעון הצדיק|42313|קאַטעגאָריע:וויכטיגע ארטיקלען|
רוי:מינעראל|1809|מינרל|42506|קאַטעגאָריע:וויכטיגע ארטיקלען|
רוי:רבי חיים קאניעווסקי|6435|רבי חיים קניבסקי|42703|וויכטיגסטע, אידישקייט|
רוי:שפיל טעאריע|1130|תורת המשחקים|42729|קאַטעגאָריע:עלעמענטארע ארטיקלען|
רוי:עלעקטריע|5933|חשמל|42831|קאַטעגאָריע:עלעמענטארע ארטיקלען|
רוי:רבי יהודה הנשיא|1099|רבי יהודה הנשיא|43032|וויכטיגסטע, אידישקייט|
רוי:קבר רחל|962|קבר רחל|43283|קאַטעגאָריע:אידישקייט ארטיקלען|
רוי:קאווע|24797|קפה|43334|קאַטעגאָריע:וויכטיגע ארטיקלען|
רוי:שבטי ישראל|675|שבטי ישראל|43401|קאַטעגאָריע:אידישקייט ארטיקלען|
רוי:גלאבאליזאציע|1325|גלובליזציה|43480|קאַטעגאָריע:עלעמענטארע ארטיקלען|
רוי:חמץ|6877|חמץ|43538|קאַטעגאָריע:אידישקייט ארטיקלען|
רוי:עקאנאמיק|2751|כלכלה|43615|קאַטעגאָריע:עלעמענטארע ארטיקלען|
רוי:רבי עקיבא|14211|רבי עקיבא|43658|וויכטיגסטע, אידישקייט|
רוי:וויליאם שעיקספיר|17339|ויליאם שייקספיר|43661|קאַטעגאָריע:וויכטיגע ארטיקלען|
רוי:פרעדעריק שאפען|2273|פרדריק שופן|43814|קאַטעגאָריע:וויכטיגע ארטיקלען|
רוי:יאהאן סעבאסטיאן באך|1574|יוהאן סבסטיאן באך|44224|קאַטעגאָריע:עלעמענטארע ארטיקלען|
רוי:הונדערט-יעריגע מלחמה|1714|מלחמת מאה השנים|44394|קאַטעגאָריע:וויכטיגע ארטיקלען|
רוי:זעלבסטמארד אטאקע|3568|פיגוע התאבדות|44549|קאַטעגאָריע:עלעמענטארע ארטיקלען|
רוי:וואקסין|6330|חיסון|44913|קאַטעגאָריע:וויכטיגע ארטיקלען|
רוי:הלכה|2300|הלכה|45857|קאַטעגאָריע:אידישקייט ארטיקלען|
רוי:אליהו הנביא|2534|אליהו הנביא|46096|המכלול:וויכטיגסטע ארטיקלען|
רוי:ברכה|2993|ברכה|46215|קאַטעגאָריע:אידישקייט ארטיקלען|
רוי:אטא פאן ביסמארק|1727|אוטו פון ביסמרק|46343|קאַטעגאָריע:וויכטיגע ארטיקלען|
רוי:טרעבלינקע|2521|טרבלינקה|46397|קאַטעגאָריע:וויכטיגע ארטיקלען|
רוי:סאציאלאגיע|634|סוציולוגיה|46473|קאַטעגאָריע:עלעמענטארע ארטיקלען|
רוי:שניי|19575|שלג|46714|קאַטעגאָריע:וויכטיגע ארטיקלען|
רוי:כעמיע|17167|כימיה|46811|קאַטעגאָריע:עלעמענטארע ארטיקלען|
רוי:רבי יואל טייטלבוים|33448|רבי יואל טייטלבוים|47127|המכלול:וויכטיגסטע ארטיקלען|
רוי:חפץ חיים|7698|רבי ישראל מאיר הכהן|47647|וויכטיגסטע, אידישקייט|
רוי:פרקי דרבי אליעזר|42139|פרקי דרבי אליעזר|47662|קאַטעגאָריע:אידישקייט ארטיקלען|
רוי:משכן|2230|המשכן|48048|קאַטעגאָריע:וויכטיגע ארטיקלען|
רוי:עדה החרדית|7961|העדה החרדית|48086|וויכטיגסטע, אידישקייט|
רוי:פורים|5306|פורים|48284|המכלול:וויכטיגסטע ארטיקלען|
רוי:Windows|1131|Microsoft Windows|48338|קאַטעגאָריע:עלעמענטארע ארטיקלען|
רוי:תלמוד בבלי|3437|תלמוד בבלי|49092|המכלול:וויכטיגסטע ארטיקלען|
רוי:אייכמאן פראצעס|979|משפט אייכמן|49317|קאַטעגאָריע:וויכטיגע ארטיקלען|
רוי:בחירה|1657|בחירה חופשית|49640|קאַטעגאָריע:אידישקייט ארטיקלען|
רוי:רבן יוחנן בן זכאי|8260|רבן יוחנן בן זכאי|49804|המכלול:וויכטיגסטע ארטיקלען|
רוי:שבועות|9370|שבועות|49904|וויכטיגסטע, אידישקייט|
רוי:חנוכה ליכט|9055|הדלקת נרות חנוכה|50688|קאַטעגאָריע:וויכטיגע ארטיקלען|
רוי:משנה תורה|5877|משנה תורה|50697|קאַטעגאָריע:אידישקייט ארטיקלען|
רוי:יציאת מצרים|2865|יציאת מצרים|50911|המכלול:וויכטיגסטע ארטיקלען|
רוי:מנורה|1368|המנורה|50923|קאַטעגאָריע:וויכטיגע ארטיקלען|
"רוי:רמח""ל"|9955|"רמח""ל"|51406|קאַטעגאָריע:וויכטיגע ארטיקלען|
רוי:אינדיע|23839|הודו|51584|קאַטעגאָריע:וויכטיגע ארטיקלען|
רוי:אשור|1145|אשור|51881|קאַטעגאָריע:וויכטיגע ארטיקלען|
רוי:תלמוד ירושלמי|3337|תלמוד ירושלמי|52043|וויכטיגסטע, אידישקייט|
רוי:בלו טוט|833|בלוטות'|52297|קאַטעגאָריע:וויכטיגע ארטיקלען|
רוי:מגילת אסתר|1469|מגילת אסתר|52376|קאַטעגאָריע:אידישקייט ארטיקלען|
רוי:אדאלף אייכמאן|1986|אדולף אייכמן|53597|קאַטעגאָריע:וויכטיגע ארטיקלען|
רוי:ליטעראטור|1408|ספרות|53643|קאַטעגאָריע:וויכטיגע ארטיקלען|
רוי:קאנסטרוקציע|1308|בנייה|53677|קאַטעגאָריע:עלעמענטארע ארטיקלען|
רוי:ישיבה|2656|ישיבה|54010|וויכטיגסטע, אידישקייט|
רוי:ביאלאגיע|3883|ביולוגיה|54159|קאַטעגאָריע:עלעמענטארע ארטיקלען|
רוי:נאבעל פריז|4034|פרס נובל|54761|קאַטעגאָריע:וויכטיגע ארטיקלען|
רוי:אינפלאציע|16269|אינפלציה|55264|קאַטעגאָריע:עלעמענטארע ארטיקלען|
רוי:מארקסיזם|1700|מרקסיזם|55383|קאַטעגאָריע:וויכטיגע ארטיקלען|
רוי:אידישקייט|16444|יהדות|55473|המכלול:וויכטיגסטע ארטיקלען|
רוי:רבי שניאור זלמן פון לאדי|9109|רבי שניאור זלמן מלאדי|55824|קאַטעגאָריע:אידישקייט ארטיקלען|
רוי:מעשה בראשית|2170|בריאת העולם|56358|המכלול:וויכטיגסטע ארטיקלען|
רוי:אברהם אבינו|2602|אברהם אבינו|56951|המכלול:וויכטיגסטע ארטיקלען|
רוי:יוליוס קייסער|2952|יוליוס קיסר|57578|קאַטעגאָריע:וויכטיגע ארטיקלען|
רוי:וואלפגאנג אמאדעוס מאצארט|2728|וולפגנג אמדאוס מוצרט|57719|קאַטעגאָריע:עלעמענטארע ארטיקלען|
רוי:שאף|2752|כבש הבית|57763|קאַטעגאָריע:וויכטיגע ארטיקלען|
רוי:מעדיצין|7519|רפואה|58157|קאַטעגאָריע:עלעמענטארע ארטיקלען|
רוי:חינוך|3748|חינוך|58172|קאַטעגאָריע:וויכטיגע ארטיקלען|
רוי:כינע|155103|הרפובליקה העממית של סין|58375|קאַטעגאָריע:וויכטיגע ארטיקלען|
רוי:פרשת השבוע|7172|פרשת השבוע|58584|קאַטעגאָריע:אידישקייט ארטיקלען|
רוי:חשמונאים|1687|חשמונאים|59049|קאַטעגאָריע:אידישקייט ארטיקלען|
רוי:לערנען|879|למידה|59105|קאַטעגאָריע:וויכטיגע ארטיקלען|
רוי:אסטראנאמיע|16333|אסטרונומיה|59387|קאַטעגאָריע:עלעמענטארע ארטיקלען|
רוי:ווילנער גאון|13106|הגאון מווילנה|59703|המכלול:וויכטיגסטע ארטיקלען|
רוי:קאמיקס|1082|קומיקס|60319|קאַטעגאָריע:עלעמענטארע ארטיקלען|
רוי:פרעמיער מיניסטער פון מדינת ישראל|1650|ראש ממשלת ישראל|60380|קאַטעגאָריע:עלעמענטארע ארטיקלען|
רוי:תפילין|10624|תפילין|61368|וויכטיגסטע, אידישקייט|
רוי:וויקיפעדיע|16410|ויקיפדיה|61682|קאַטעגאָריע:וויכטיגע ארטיקלען|
רוי:משניות|3083|משנה|61941|קאַטעגאָריע:אידישקייט ארטיקלען|
רוי:טייך|20094|נהר|62180|קאַטעגאָריע:וויכטיגע ארטיקלען|
רוי:פסח|19132|חג הפסח|63025|המכלול:וויכטיגסטע ארטיקלען|
רוי:ווירוס|3237|נגיף|63082|קאַטעגאָריע:עלעמענטארע ארטיקלען|
רוי:ספירת העומר|4151|ספירת העומר|64733|וויכטיגסטע, אידישקייט|
רוי:ניו יארק סיטי|18107|ניו יורק|64901|קאַטעגאָריע:וויכטיגע ארטיקלען|
"רוי:תנ""ך"|8487|"תנ""ך"|65480|המכלול:וויכטיגסטע ארטיקלען|
רוי:מדינת ישראל-אראבישע קאנפליקט|29968|הסכסוך הישראלי-ערבי|65709|קאַטעגאָריע:וויכטיגע ארטיקלען|
רוי:געאלאגיע|2133|גאולוגיה|65721|קאַטעגאָריע:עלעמענטארע ארטיקלען|
רוי:רוסלאנד|162800|רוסיה|65850|קאַטעגאָריע:וויכטיגע ארטיקלען|
רוי:ענגליש|19081|אנגלית|66971|קאַטעגאָריע:וויכטיגע ארטיקלען|
רוי:קאפיטאליזם|3572|קפיטליזם|67273|קאַטעגאָריע:עלעמענטארע ארטיקלען|
רוי:העליקאפטער|1399|מסוק|67773|קאַטעגאָריע:וויכטיגע ארטיקלען|
רוי:זכרון|1164|זיכרון|68771|קאַטעגאָריע:עלעמענטארע ארטיקלען|
רוי:אנארכיזם|1662|אנרכיזם|69551|קאַטעגאָריע:וויכטיגע ארטיקלען|
רוי:פארב|930|פיגמנטי צביעה|69601|קאַטעגאָריע:וויכטיגע ארטיקלען|
רוי:אנטיסעמיטיזם|2762|אנטישמיות|70838|קאַטעגאָריע:עלעמענטארע ארטיקלען|
רוי:שמיטה|7237|שמיטה|71586|קאַטעגאָריע:וויכטיגע ארטיקלען|
רוי:לאגיק|2503|לוגיקה|71732|קאַטעגאָריע:עלעמענטארע ארטיקלען|
"רוי:""הייליגע"" רוימישע אימפעריע"|1945|"האימפריה הרומית ה""קדושה"""|72619|קאַטעגאָריע:עלעמענטארע ארטיקלען|
רוי:מגן דוד אדום|1214|מגן דוד אדום|73577|קאַטעגאָריע:עלעמענטארע ארטיקלען|
רוי:פאראייניגטע פעלקער|55420|האומות המאוחדות|73909|קאַטעגאָריע:וויכטיגע ארטיקלען|
רוי:כשרות|4120|כשרות|74271|וויכטיגסטע, אידישקייט|
רוי:וואולקאן|1803|הר געש|74766|קאַטעגאָריע:וויכטיגע ארטיקלען|
רוי:מעקינטאש|3341|מקינטוש|75370|קאַטעגאָריע:וויכטיגע ארטיקלען|
רוי:תנאים|3804|תנאים|76552|וויכטיגסטע, אידישקייט|
רוי:חרדים|3754|היהדות החרדית|77582|המכלול:וויכטיגסטע ארטיקלען|
רוי:קריפטאגראפיע|3562|קריפטוגרפיה|78509|קאַטעגאָריע:וויכטיגע ארטיקלען|
רוי:שאך (שפיל)|18632|שחמט|79146|קאַטעגאָריע:וויכטיגע ארטיקלען|
"רוי:רש""י"|6189|"רש""י"|81738|המכלול:וויכטיגסטע ארטיקלען|
רוי:תשעה באב|7188|תשעה באב|83796|המכלול:וויכטיגסטע ארטיקלען|
רוי:ביטקוין|2944|ביטקוין|84667|קאַטעגאָריע:וויכטיגע ארטיקלען|
רוי:פויגל|2657|עופות|85569|קאַטעגאָריע:וויכטיגע ארטיקלען|
רוי:זון סיסטעם|20340|מערכת השמש|86429|קאַטעגאָריע:עלעמענטארע ארטיקלען|
רוי:בריטישע אימפעריע|3525|האימפריה הבריטית|89110|קאַטעגאָריע:עלעמענטארע ארטיקלען|
רוי:דוד המלך|4756|דוד המלך|89369|המכלול:וויכטיגסטע ארטיקלען|
רוי:חסידות|15904|תנועת החסידות|89938|וויכטיגסטע, אידישקייט|
רוי:אייזיק ניוטאן|17737|אייזק ניוטון|91110|קאַטעגאָריע:וויכטיגע ארטיקלען|
רוי:בריטישער מאנדאט|2707|המנדט הבריטי|95136|קאַטעגאָריע:וויכטיגע ארטיקלען|
רוי:רבי יוחנן|926|רבי יוחנן|95732|וויכטיגסטע, אידישקייט|
רוי:צווייטע וועלט-מלחמה|65811|מלחמת העולם השנייה|96969|קאַטעגאָריע:עלעמענטארע ארטיקלען|
רוי:רב סעדיה גאון|3026|רב סעדיה גאון|97442|המכלול:וויכטיגסטע ארטיקלען|
רוי:קינות|2163|קינות לתשעה באב|98243|קאַטעגאָריע:וויכטיגע ארטיקלען|
"רוי:רמב""ם"|15798|"רמב""ם"|98538|המכלול:וויכטיגסטע ארטיקלען|
רוי:בערלינער וואנט|7855|חומת ברלין|101354|קאַטעגאָריע:וויכטיגע ארטיקלען|
רוי:אלכסנדר מוקדון|16864|אלכסנדר הגדול|102015|קאַטעגאָריע:עלעמענטארע ארטיקלען|
"רוי:ל""ג בעומר"|2715|"ל""ג בעומר"|103560|המכלול:וויכטיגסטע ארטיקלען|
רוי:דזשארזש וואשינגטאן|2878|ג'ורג' וושינגטון|108284|קאַטעגאָריע:וויכטיגע ארטיקלען|
רוי:רבי עובדיה יוסף|6540|רבי עובדיה יוסף|108311|המכלול:וויכטיגסטע ארטיקלען|
רוי:רבי יהודה ליוואי|12577|"מהר""ל מפראג"|108418|קאַטעגאָריע:אידישקייט ארטיקלען|
"רוי:רמב""ן"|1243|"רמב""ן"|110669|וויכטיגסטע, אידישקייט|
רוי:ים המלח|1696|ים המלח|111880|קאַטעגאָריע:עלעמענטארע ארטיקלען|
רוי:ברית מילה|7942|ברית מילה|117176|המכלול:וויכטיגסטע ארטיקלען|
רוי:שבת|9782|שבת|121773|וויכטיגסטע, אידישקייט|
רוי:גאטפריד ווילהעלם לייבניץ|4225|גוטפריד וילהלם לייבניץ|124711|קאַטעגאָריע:וויכטיגע ארטיקלען|
רוי:אינדוסטריעלע רעוואלוציע|3968|המהפכה התעשייתית|124893|קאַטעגאָריע:עלעמענטארע ארטיקלען|
רוי:מיכאיל גארבאטשאוו|8999|מיכאיל גורבצ'וב|125094|קאַטעגאָריע:וויכטיגע ארטיקלען|
רוי:בית המקדש|29855|בית המקדש|130495|וויכטיגסטע, אידישקייט|
רוי:הר הבית|3013|הר הבית|135636|קאַטעגאָריע:עלעמענטארע ארטיקלען|
רוי:וולאדימיר פוטין|6909|ולדימיר פוטין|152083|קאַטעגאָריע:עלעמענטארע ארטיקלען|
רוי:מענטש|744|אדם|155374|קאַטעגאָריע:עלעמענטארע ארטיקלען|
רוי:רוימישע אימפעריע|2290|האימפריה הרומית|165618|קאַטעגאָריע:עלעמענטארע ארטיקלען|
רוי:אמעריקאנער בירגערקריג|1298|מלחמת האזרחים האמריקנית|178120|קאַטעגאָריע:וויכטיגע ארטיקלען|
רוי:קאוויד-19 פאנדעמיק|3420|מגפת הקורונה|187670|קאַטעגאָריע:וויכטיגע ארטיקלען|
רוי:רבי עקיבא אייגער|3078|רבי עקיבא איגר|196101|המכלול:וויכטיגסטע ארטיקלען|
