ארטיקל|לינקס
רבי אהרן פון קארלין|3
איסט סייד|4
רוי:אייל|5
רוי:אמרי אמת|5
רוי:אנדענקס טאג|5
רוי:אקציע|5
רוי:ארון|5
רוי:בלומינגבורג|5
רוי:בן ציון האלבערשטאם (באדייטן)|5
רוי:בענטשן|5
רוי:גאולה|5
רוי:גור אריה|5
רוי:געוועבן|5
רוי:געזעלשאפט|5
רוי:גראטע|5
רוי:דארווין|5
רוי:דברים|5
דזשארדזש בוש|5
רוי:דעמאקראט|5
רוי:דעמאקראטישער|5
רוי:דראמע|5
רוי:החינוך|5
רוי:הייס|5
רוי:הלל (ארגאניזאציע)|5
רוי:השגחה|5
רוי:וויליזש|5
רוי:ווילסאן|5
רוי:וועד הרבנים|5
רוי:ויקרא|5
רוי:זאק|5
רוי:זיבן מצוות|5
רוי:זשארזשיע|5
רוי:חבלי משיח (טעיפ)|5
רוי:חוקר|5
רוי:חוש|5
רוי:חיים הערש טייטלבוים|5
רוי:טאהש|5
רוי:טויב|5
רוי:טישו|5
רוי:יאד (באדייטן)|5
רוי:יבנה באן סטאנציע|5
רוי:ישראלי|5
רוי:כוסיין|5
רוי:ליובאוויטשער רבי|5
רוי:מאגאזין|5
רוי:מוסד|5
רוי:מחבר|5
רוי:מעריב (באדייטן)|5
רוי:משפט|5
רוי:מתתיהו|5
רוי:נאגל|5
רוי:נבוכדנאצר|5
רוי:ניוקליז|5
רוי:סאטמאר ישיבה גדולה|5
רוי:סאציאל|5
רוי:סוביעקט|5
רוי:סטאלין|5
רוי:עלעפאנט און קאסל סטאנציע|5
רוי:עצי חיים|5
רוי:פאלק|5
רוי:פארהייראט|5
רוי:פלאנעווען|5
רוי:פלאס|5
רוי:פליגעל|5
רוי:פערשטיינערט|5
רוי:פראזע|5
רוי:פראפערטי|5
רוי:פרט|5
רוי:קאנסערוואטיוו|5
רוי:קיניגין|5
רוי:קישקע (באדייטן)|5
"רוי:ר""ת"|5
רוי:רבי שלמה האלבערשטאם|5
רוי:רבן גמליאל (באדייטן)|5
רוי:רוח|5
רוי:רויז (באדייטן)|5
רוי:ריין|5
רוי:שאפראנער רב|5
רוי:שטאל (באדייטן)|5
רוי:שיכון וויזניץ|5
רוי:שירה|5
רוי:שמות|5
רוי:אגדה|6
רוי:אליעזר יהודה פינקל|6
רוי:אפטער רב|6
רוי:ארטיסטן שול|6
רוי:גאלדשטיין|6
רוי:געשיכטע|6
רוי:דזשוינט (באדייטן)|6
רוי:דעלטע (באדייטן)|6
רוי:הדסה|6
רוי:התאחדות|6
וויינרייך|6
רוי:זיכער|6
רוי:טענדלער|6
רוי:טשעפן|6
רוי:טשערנין|6
רוי:יהושע (באדייטן)|6
רוי:יעקב דוד קאליש (באדייטן)|6
רוי:יעקב עדס (באדייטן)|6
רוי:יצחק אייזיק אייכנשטיין (באדייטן)|6
רוי:ירמיהו (באדייטן)|6
רוי:כופר|6
רוי:לוי יצחק|6
רוי:לייביש טייטלבוים|6
רוי:מאדע (באדייטן)|6
רוי:מנחם קאליש (באדייטן)|6
רוי:מנשה|6
רוי:משה סאלאווייטשיק (באדייטן)|6
רוי:נפתלי הורוויץ (באדייטן)|6
רוי:נתיבות (באדייטן)|6
רוי:נתן|6
רוי:עלים לתרופה|6
רוי:עמוד|6
רוי:ערד|6
רוי:פאקס|6
רוי:פארד|6
רוי:קאלומבוס|6
רוי:קאשויער רב|6
רוי:קדושים (באדייטן)|6
רוי:ראק (באדייטן)|6
רוי:רבי יהושע (באדייטן)|6
רוי:רעלאטיוו|6
רוי:שוויץ|6
רוי:שטאַט|6
רוי:שלום האלבערשטאם (באדייטן)|6
רוי:שליח|6
רוי:שמעון נתן נטע בידערמאן|6
רוי:תולדות|6
רוי:אהרן האלבערשטאם (באדייטן)|7
רוי:ארגאן|7
רוי:בויגן|7
רוי:בורשטין (באדייטן)|7
רוי:ברכות|7
רוי:דינער|7
רוי:דיסק|7
רוי:דעות|7
רוי:הלל|7
רוי:הצלה|7
רוי:טאנגא (באדייטן)|7
רוי:טויבער|7
רוי:טיקעט|7
רוי:יקותיאל|7
רוי:ישכר בעריש אייכנשטיין (באדייטן)|7
רוי:ישכר דוב רוקח|7
רוי:לינדז (באדייטן)|7
רוי:מוזיקער|7
רוי:מין|7
רוי:מסורה|7
רוי:נעצווערק|7
רוי:סאטמארער רבי|7
רוי:סובסטאנץ|7
רוי:פאה|7
רוי:רבי יהודה (באדייטן)|7
רוי:רבי יוחנן (באדייטן)|7
רוי:רבים|7
רוי:שבט (באדייטן)|7
רוי:שולע (באדייטן)|7
רוי:שולע באדייטן|7
רוי:שלמה זלמן אולמאן|7
אבות|8
רוי:אדמיניסטראציע|8
רוי:באר (באדייטן)|8
רוי:גראם (באדייטן)|8
רוי:גרופע|8
רוי:הארי פאטער (באדייטן)|8
רוי:ווארעם (באדייטן)|8
רוי:וויזשניץ (באדייטן)|8
רוי:וויני-דער-פו (באדייטן)|8
רוי:יחזקאל (באדייטן)|8
רוי:ישראל האגער|8
רוי:כנען|8
רוי:מידיע|8
רוי:מנחם נחום פרידמאן (באדייטן)|8
רוי:משה פרידמאן|8
רוי:נבון|8
רוי:ניוקאסטל (באדייטן)|8
רוי:ניקאלשבורג (באדייטן)|8
רוי:סיגעט (באדייטן)|8
רוי:סקווירא (באדייטן)|8
רוי:פראגראם|8
רוי:קי-בארד|8
רוי:שמואל שמעלקא הורוויץ|8
רוי:תרומה|8
רוי:אלעקסאנדער|9
רוי:בלאט (באדייטן)|9
רוי:היטרוי סטאנציע|9
רוי:הקריה (באדייטן)|9
רוי:וויליאם|9
רוי:חיים האגער|9
רוי:יקותיאל יהודה טייטלבוים (באדייטן)|9
רוי:משה האגער|9
רוי:נייטרא (באדייטן)|9
רוי:נתן צבי פינקל (באדייטן)|9
רוי:סאטמאר רב|9
רוי:סטאטוס|9
רוי:רודאלף העס (באדייטן)|9
רוי:שולע (חרדים)|9
רוי:שלום עליכם (באדייטן)|9
רוי:גערער רבי|10
הושענא (באדייטן)|10
רוי:וועסט האמפסטעד סטאנציע|10
רוי:טראמפ|10
רוי:יצחק פרידמאן (באדייטן)|10
רוי:יקותיאל יהודה האלבערשטאם (באדייטן)|10
רוי:משה האלבערשטאם (באדייטן)|10
רוי:רבי אברהם חיים הורוויץ|10
רוי:רבי שמעון (באדייטן)|10
"רש""ש"|10
רוי:בית ישראל|11
רוי:ברוך האגער (באדייטן)|11
רוי:ברוך האלבערשטאם (באדייטן)|11
רוי:חיים האלבערשטאם (באדייטן)|11
רוי:חיים מאיר יחיאל שפירא (באדייטן)|11
רוי:מענדיל האגער|11
רוי:סאטמאר|11
רוי:צבי אלימלך שפירא (באדייטן)|11
רוי:רבי אברהם הורוויץ (באדייטן)|11
רוי:רבי אברהם יעקב פרידמאן (באדייטן)|11
רוי:רבי יוסף דוב הלוי סאלאווייטשיק|11
רוי:אריה לייביש האלבערשטאם (באדייטן)|12
רוי:גראד|12
רוי:גראף|12
רוי:מנחם מענדל האלבערשטאם (באדייטן)|12
סאפיע (באדייטן)|12
רוי:קאנערי ווארף סטאנציע|12
רוי:שטארקייט|12
רוי:דוד טווערסקי (באדייטן)|13
רוי:חיים מאיר האגער (באדייטן)|13
רוי:ישראל (באדייטן)|13
רוי:נפתלי האלבערשטאם (באדייטן)|13
רוי:אמאזאן|14
רוי:עץ חיים (באדייטן)|14
רוי:דוד האלבערשטאם (באדייטן)|15
רוי:מנחם נחום טווערסקי (באדייטן)|15
רוי:שלום יוסף פרידמאן (באדייטן)|15
רוי:אברהם יהושע העשל|16
רוי:שטודיע|16
רוי:אייכנשטיין|17
רוי:יחזקאל שרגא האלבערשטאם (באדייטן)|17
רוי:ריטשמאנד|19
רוי:אמסטערדאם (באדייטן)|24
רוי:וויזשניצער רבי|30
רוי:מנחם מענדל|31
רוי:ישראל פרידמאן (באדייטן)|41
רוי:חיים|58
