ערך|גרויס|לעצט געטוישט
"סידור רש""י"|1177|2022-12-20T20:17:12Z
רבי ייבא סבא (תנא)|1240|2023-04-01T19:20:04Z
רבי יעקב בן יצחק הלוי|1242|2023-02-23T15:10:42Z
יום חול|1372|2023-03-19T06:41:14Z
רבי שמריה בן מרדכי|1497|2023-02-23T14:50:25Z
רבי משולם בן נתן|1658|2023-02-23T14:55:41Z
קניזי|1664|2023-04-19T10:04:51Z
רב אדא בר מתנה (הראשון)|1687|2023-05-04T15:30:45Z
רבי יהודה אשכנזי (טיקטין)|1687|2023-02-22T05:09:00Z
רבי פרחיה בן משולם|1716|2023-02-23T15:01:37Z
זוהר חדש|1738|2023-02-13T19:43:28Z
רבי שמשון מפלייזא|1799|2023-04-26T18:40:19Z
רבי יוסף אבן שם טוב|1834|2022-12-08T16:53:46Z
ברכי יוסף|1846|2023-03-19T07:17:10Z
בדי השולחן|1883|2023-03-05T13:09:41Z
ידידה בת עדיה|1928|2023-03-05T15:52:10Z
אחינועם היזרעאלית|1951|2023-03-05T15:51:59Z
הגהות אשרי|1961|2023-02-23T14:29:21Z
ערב חג|1972|2023-01-08T15:42:13Z
מושב זקנים (ספר)|2055|2023-01-08T15:57:09Z
שפתי חכמים|2055|2023-02-23T14:38:14Z
דברי אמונה|2087|2023-03-30T05:45:24Z
רבי יעקב מלונדון|2102|2023-02-23T15:15:26Z
משלמת בת חרוץ|2122|2023-03-05T15:52:10Z
ספרא דצניעותא|2132|2023-02-23T14:40:33Z
רבי שלמה בן מאיר|2204|2023-04-26T18:40:19Z
רבי מנחם בן יוסף חזן|2211|2023-02-23T14:53:42Z
אשריאל|2226|2023-03-05T15:52:13Z
רבי יוסף פלאג'י|2236|2023-01-08T15:41:55Z
שלש ארצות לשביעית|2242|2023-01-30T20:32:11Z
רבי אברהם אבוקרא|2248|2023-02-23T14:52:36Z
הלכות קצובות|2278|2023-02-23T15:08:09Z
אור תורה (ספר)|2301|2023-02-23T15:05:24Z
רבי קלונימוס בן יהודה|2306|2023-03-05T13:01:35Z
אחינועם בת אחימעץ|2317|2023-03-05T15:51:40Z
רבי יהודה בן יום טוב|2348|2023-04-26T18:40:19Z
ספר הישר|2369|2022-12-08T17:02:55Z
תורת משה|2386|2022-12-20T19:46:45Z
רבי משה מפונטייזא|2404|2023-03-30T05:45:29Z
"חידושי הרשב""א על מסכת מנחות"|2419|2023-02-23T14:38:57Z
זכריהו בן ירבעם|2426|2023-02-22T09:27:29Z
רבי שלמה מטרויש|2428|2023-02-23T15:10:20Z
רבי בנימין עוזר|2436|2023-02-23T14:49:33Z
ספר החילוקים|2465|2023-01-08T15:52:14Z
רבי יששכר בן יקותיאל הלוי|2490|2023-02-23T15:01:33Z
רבי אבון הגדול|2496|2023-02-23T14:35:41Z
רבי יצחק בן מלכי צדק|2522|2023-02-23T14:39:50Z
רבי אבא מרי בן יוסף|2529|2023-02-23T14:35:41Z
רבי יהודה (זוהר)|2548|2023-02-23T15:13:07Z
אבא יודן|2553|2023-02-23T15:14:09Z
"לקוטי תורה (אריז""ל)"|2562|2023-02-23T15:16:38Z
רבי שלמה אלגאזי (השני)|2568|2022-12-08T16:55:06Z
ראשית חכמה|2571|2023-03-19T07:14:15Z
"דפי הרי""ף"|2578|2023-02-22T13:24:45Z
הקדים רפואה למכה|2638|2023-05-04T15:28:43Z
רב איקא|2639|2023-02-23T15:11:49Z
רבי דב בעריש גוטליב|2663|2023-03-30T05:45:26Z
תקנת יהושע בן גמלא|2682|2023-03-05T13:01:28Z
רבי אברהם בן אביגדור|2707|2023-02-23T14:35:24Z
יהועדן|2710|2023-03-05T15:52:10Z
אחי בני תימן|2722|2023-03-02T18:43:09Z
הלכות שבת|2722|2023-02-23T14:56:26Z
חפצי-בה|2736|2023-03-05T15:52:01Z
רבי אליעזר בן שמואל (ורונה)|2741|2023-02-23T14:35:41Z
ספר המעשים לבני ארץ ישראל|2745|2023-03-16T09:17:28Z
רבי יום טוב בן יצחק מיואני|2745|2023-02-23T15:09:24Z
רבי יצחק בן יהודה הלוי|2841|2023-03-30T05:45:26Z
ספר התודעה|2843|2023-03-19T07:06:47Z
רבי מכיר בן יהודה|2869|2023-02-23T15:14:12Z
"שו""ת רבנו חטר בן שלמה אלד'מארי"|2871|2023-03-30T05:45:24Z
"דרך חיים (מהר""ל)"|2877|2023-03-05T15:51:59Z
נצח ישראל (ספר)|2877|2023-03-05T15:52:01Z
עשה שבתך חול ואל תצטרך לבריות|2884|2023-03-28T12:36:18Z
רבי דוד לייב זילברשטיין|2886|2023-03-13T12:04:46Z
אהוב מהר המור|2894|2023-04-25T14:24:13Z
רבי אליהו מפריז|2920|2023-04-26T18:40:19Z
רבי ישראל מקרמס|2944|2023-02-23T14:53:46Z
שרצים (יהדות)|2952|2023-04-19T09:47:23Z
רבי חיים אריה כהנא|2956|2023-02-23T15:01:53Z
רבי יהודה בן בנימין ענו|2957|2023-03-02T18:40:48Z
עזרת כהן|2959|2023-02-23T15:04:17Z
רבינו יונה מרגנשבורג|2973|2023-03-04T20:52:39Z
מנחת שי|2979|2023-01-08T15:33:31Z
שופר יעל|2981|2023-02-23T15:11:29Z
תפוח בדבש|2988|2023-02-23T14:40:34Z
שיעורי רבי שמואל|2998|2023-01-08T15:41:58Z
ספר המעלות לדרגות ימות המשיח|3013|2023-02-23T14:56:45Z
רבי יוסף אבן עזרא|3021|2023-03-31T08:40:03Z
איילת חן|3025|2023-03-02T18:50:40Z
"רא""ש מלוניל"|3033|2023-02-23T14:54:38Z
רב אדא בר אחא|3037|2023-02-23T15:15:20Z
דגל מחנה אפרים|3044|2023-05-05T11:50:15Z
רבי מרדכי דאטו|3051|2023-02-23T15:04:26Z
רב אדא בר מתנא (השני)|3052|2023-05-04T15:30:45Z
רבי משה לימא|3060|2023-03-30T05:45:19Z
"החלוקה התימנית של הלכות הרמב""ם"|3076|2023-02-23T15:09:44Z
ספר האסופות|3089|2023-03-30T05:45:30Z
נבלה (הלכה)|3093|2023-04-19T09:44:38Z
רבי אבו אהרן בן שמואל הנשיא|3116|2023-02-23T14:35:41Z
רבי טודרוס בן יוסף אבולעפיה|3127|2023-02-23T14:35:41Z
רבי משה אלבילדה|3131|2023-04-27T19:54:26Z
אוצרות התורה|3149|2023-04-18T07:09:18Z
"שבט הלוי (שו""ת)"|3162|2023-02-23T15:17:53Z
ויכולו|3169|2023-03-27T10:20:42Z
נולד מהול|3175|2023-04-19T10:01:15Z
מנורת זהב|3186|2023-02-23T15:13:07Z
רבי אברהם הגר|3189|2023-02-23T14:48:57Z
חזקה על חבר שאינו מוציא מתחת ידו דבר שאינו מתוקן|3209|2023-02-23T15:09:04Z
רב שמעון קיירא|3209|2023-04-23T11:20:13Z
רבי אבא מרי בן אליגדור|3213|2023-02-23T14:35:24Z
שבע מצוות דרבנן|3226|2023-04-02T01:39:23Z
רבי יצחק טייב|3227|2023-02-23T15:01:53Z
ברזילי הגלעדי|3229|2023-02-23T14:50:12Z
אור חדש|3237|2023-02-23T14:58:47Z
ספר הישר (מוסר)|3245|2023-03-19T07:06:01Z
ספרי זוטא במדבר|3259|2023-05-02T10:47:23Z
יכליהו|3269|2023-03-05T15:52:10Z
ועדת שמיטה|3270|2023-03-02T18:48:04Z
מסכת ביכורים|3272|2023-03-05T15:50:59Z
רבי יום טוב מפלייזא|3274|2023-04-26T18:40:19Z
רבי שלמה אבן איוב|3296|2023-01-23T10:16:18Z
רבי יהודה בן קלונימוס ממגנצא|3297|2023-01-08T20:54:02Z
"צוואת הריב""ש"|3298|2023-03-05T12:56:22Z
רבי זליקמן מבינגא|3298|2023-03-30T05:45:19Z
רעיא מהימנא|3328|2023-02-13T19:43:28Z
אנה אלך|3329|2023-02-22T13:23:13Z
רבי יצחק די ליאון|3331|2023-02-23T14:52:36Z
רבי מנוח בן יעקב|3335|2023-03-30T05:45:23Z
שנהיה לראש ולא לזנב|3336|2023-03-05T15:51:59Z
תולדות תנאים ואמוראים|3339|2023-02-23T14:29:19Z
רבי אבא מרי בן יצחק|3347|2023-02-23T14:35:41Z
חגיגת ארבעה עשר|3353|2023-04-19T09:44:12Z
אלה בן בעשא|3354|2023-03-05T15:52:13Z
אהבה בריה דרבי זירא|3357|2023-05-04T02:44:06Z
אבן משכית|3358|2023-03-05T15:51:48Z
רבי נתנאל פריד|3370|2023-02-23T14:43:22Z
רבי חיים אליעזר בן יצחק|3410|2023-03-30T05:45:23Z
ערדסקין|3419|2023-02-23T15:12:24Z
כף החיים (פאלאג'י)|3420|2023-03-19T07:20:35Z
מעגל טוב|3426|2023-03-30T05:45:19Z
שדה לבן|3430|2023-03-02T18:29:44Z
פח שמיטה|3436|2023-02-23T15:13:16Z
קיני (עם)|3460|2023-04-19T10:04:50Z
תקנות קנדיאה|3461|2023-01-30T20:30:14Z
כפר סגנה|3476|2023-02-23T15:14:08Z
רבי שמואל בן אהרון שלטשטדט|3496|2023-01-08T16:08:47Z
רבי יחיאל בן אורי|3506|2023-02-23T14:35:41Z
רבי שמואל בן רבי יוסף|3515|2023-02-23T14:42:38Z
עזובה בת שלחי|3534|2023-03-05T15:52:10Z
חרדון צב|3536|2023-04-19T09:48:07Z
סיקול|3538|2023-03-05T15:52:10Z
רבי נחמן כהנא (ארחות חיים)|3543|2023-01-08T15:43:12Z
ספרי במדבר|3545|2023-04-18T16:30:06Z
רבי שבתי ונטורה|3552|2023-02-23T14:36:45Z
בית מנוחה|3558|2023-03-05T13:08:51Z
רבי שמואל מפלייזא|3578|2023-03-30T05:45:23Z
אבני יקר|3588|2023-03-05T15:51:59Z
מחזור בני רומא כתב יד רוטשילד|3593|2023-04-15T21:01:46Z
"ריא""ז"|3609|2023-02-23T14:43:22Z
אידרא|3613|2023-02-20T15:09:57Z
רבי זכריה מנדל בן אריה לייב|3631|2023-01-08T15:21:28Z
דיבור המתחיל|3641|2023-02-23T14:56:19Z
רבי צדקיה בן אברהם|3643|2023-03-05T12:44:12Z
רבי שמשון מקוצי|3643|2023-02-23T14:35:41Z
אבי עזרי|3645|2023-03-02T18:44:02Z
"הלכות שקלים (רמב""ם)"|3652|2023-02-23T15:09:44Z
זבודה בת פדיה|3655|2023-03-05T15:51:59Z
סידורו של שבת|3655|2023-02-20T10:00:41Z
קנאת ה' צבאות|3656|2023-02-23T15:11:55Z
רבי יהודה שמואל אשכנזי|3657|2023-03-30T05:45:34Z
רבי אברהם בן מרדכי הלוי|3681|2023-01-03T16:20:51Z
רבי אברהם הכהן סקלי|3685|2023-01-08T16:04:06Z
רבי שמשון בלוך (המבורג)|3691|2023-02-23T14:29:36Z
זכרון יהודה|3696|2023-03-30T05:45:23Z
האיסור לגלח שיער מהנתק|3704|2023-03-05T15:52:11Z
רבי הלל בן נפתלי הירץ|3705|2023-03-30T05:45:24Z
רבי משה מצוריך|3737|2023-03-30T05:45:24Z
רבי יהודה עייאש|3746|2023-01-09T13:33:04Z
רבי שמואל מפיורדא|3746|2023-03-30T05:45:24Z
תהילים ה'|3751|2023-02-22T13:19:58Z
הגניזה האפגנית|3760|2023-02-23T14:43:22Z
האיסור להמית אדם קודם עמידה לדין|3761|2023-03-02T18:50:43Z
עצמות יוסף|3765|2023-03-05T15:51:28Z
מטה משה (ספר)|3786|2023-03-05T15:51:24Z
רבי אפרים בן יעקב מבון|3816|2023-03-05T15:51:48Z
ברכת שמואל|3817|2023-02-23T14:29:50Z
פלא יועץ|3818|2023-03-05T15:51:21Z
רבי משה בן חנוך|3819|2023-02-12T19:10:13Z
רבי חנניה בן ישועה|3821|2023-02-14T12:00:05Z
בעלי אלשרח|3822|2023-02-14T12:00:05Z
רבי ישעיה נפתלי הירץ שפירא|3828|2023-01-29T10:47:13Z
מסיבת גויים|3829|2023-04-19T10:03:00Z
רבי ישועה שבאבו|3837|2023-03-30T05:45:26Z
רבי אהרן הכהן מראגוזה|3859|2023-03-30T05:45:29Z
ספר האורה|3870|2023-02-23T14:53:46Z
"אישיות מהתנ""ך"|3889|2023-03-05T15:51:59Z
רבי דוד אורטנברג|3893|2023-02-23T14:42:38Z
ספרי דברים|3918|2023-04-18T16:30:06Z
"תפארת ישראל (מהר""ל)"|3926|2023-02-12T19:09:43Z
יחוה דעת|3928|2023-03-05T15:51:21Z
שערי ציון (ספר)|3928|2023-03-30T05:45:34Z
דברי תורה מדברי קבלה לא ילפינן|3940|2023-03-05T15:52:01Z
רבי שמואל מבמברג|3948|2023-02-23T15:13:57Z
רבי שמשון בן צדוק|3955|2023-02-23T14:53:46Z
ביד חזקה ובזרוע נטויה|3962|2023-04-27T16:01:25Z
כתב יד ותיקן 66|3964|2023-01-08T15:51:45Z
ספר הנייר|3968|2023-03-30T05:45:26Z
דרכי משה|3972|2023-03-19T07:02:25Z
חידושי רבי שמעון יהודה הכהן|3973|2023-01-19T16:08:34Z
פורים סרגוסה|3980|2023-02-20T10:00:09Z
רבי שמחה משפיירא|3987|2023-02-23T14:50:51Z
ארך אפים (ספר)|3993|2023-02-23T15:13:58Z
"רבי שלמה ב""ר שמעון דוראן"|3994|2023-03-05T12:22:11Z
אגדלך א-להי כל נשמה|3997|2023-04-18T16:06:41Z
רבי מנחם מנדל אוירבך|3999|2023-02-23T14:54:24Z
ספר היראה|4016|2023-02-23T15:04:26Z
רבי נתנאל בן ישעיה|4016|2023-02-14T12:00:05Z
פורס מפה ומקדש|4021|2023-03-27T10:21:26Z
קוראי מגילה|4025|2023-02-23T15:06:27Z
רבי חיים מרדכי מרגליות|4029|2023-02-23T14:30:01Z
רבינו פטר|4032|2023-02-23T14:53:46Z
שפתי כהן|4053|2023-03-05T15:50:59Z
יום שמחת כהן|4057|2023-02-23T14:40:34Z
רבי אהרן בלומלין|4057|2023-02-22T13:16:42Z
ברכת השם|4065|2023-05-03T12:16:10Z
רבי מרדכי כרמי|4066|2023-02-23T14:29:19Z
רבי יהודה לנדא|4067|2023-02-23T15:01:44Z
זמרי (מלך ישראל)|4070|2023-03-05T15:51:59Z
מסכת מגילה|4073|2023-03-19T06:40:27Z
רבי מאיר הכהן מרוטנבורג|4076|2023-04-26T12:57:13Z
"ארבע (אישיות מהתנ""ך)"|4093|2023-03-05T15:51:40Z
חולין בעזרה|4096|2023-03-05T15:52:14Z
רבי שמואל בן נטרונאי|4108|2023-04-16T01:02:17Z
רבי שמואל בורשטין|4109|2023-02-23T14:52:12Z
"רבי מכיר ב""ר יצחק"|4110|2023-03-30T05:45:34Z
רבי שלום מנוישטאדט|4124|2023-02-23T14:51:44Z
רבי משה הגולה מקיוב (הראשון)|4141|2023-02-23T15:17:12Z
בועל ארמית|4142|2023-04-19T10:02:59Z
רבי יהודה אלבז|4142|2023-01-30T20:32:11Z
תפילה זכה|4142|2023-03-19T07:13:41Z
רבי שמואל החסיד|4179|2023-02-23T14:50:51Z
מדינות ושושלות יהודיות|4192|2023-03-05T13:00:26Z
רבי יואל הלוי|4196|2023-02-23T15:13:37Z
ארבע לשונות גאולה|4225|2023-03-05T15:51:57Z
רבי יחיאל הלר (השני)|4238|2023-02-23T15:00:34Z
הלכות פסוקות|4239|2023-02-23T15:04:21Z
סותו|4250|2023-04-19T10:04:50Z
רבי ישראל איסר איסרלין (שער משפט)|4250|2023-02-23T14:35:25Z
כתובים|4251|2023-04-18T16:08:54Z
עוללות|4263|2023-03-05T15:51:29Z
מודה ועוזב ירוחם|4268|2023-03-19T07:08:37Z
"תהילים ט""ו"|4270|2023-02-23T15:10:01Z
ימי הודאה|4278|2023-03-19T06:40:26Z
ספר הישר (רבנו תם)|4291|2023-02-23T14:43:22Z
רבי יצחק דאנציג|4299|2023-04-13T12:00:12Z
רבי יום-טוב צהלון|4304|2023-03-30T05:45:23Z
אין גוזרין גזירה על הציבור אלא אם כן רוב הציבור יכולים לעמוד בה|4312|2023-02-23T15:15:47Z
איסור משכב עם אחות האם|4321|2023-03-05T15:51:48Z
רבי יצחק מקורביל|4325|2023-02-23T14:37:23Z
מיתה עושה ניפול|4326|2023-04-19T09:46:04Z
גזרת תקרה|4331|2023-03-27T10:21:26Z
איסור והיתר הארוך|4332|2023-02-23T14:54:37Z
רבי יעקב ורבי גרשום הגוזרים|4354|2023-02-23T15:13:37Z
מחמר|4363|2023-03-21T17:20:02Z
אוי כי ירד אש|4372|2023-03-30T05:45:30Z
רבי מנחם בן יעקב מוורמייזא|4372|2023-03-30T05:45:30Z
רבי קלונימוס בן שבתי|4374|2023-02-23T15:14:12Z
רבי מרדכי זאב איטינגא|4377|2023-02-23T14:36:45Z
רבי אברהם מפראהבישט|4379|2023-03-30T05:45:34Z
תוספות חכמי אנגליה|4382|2023-02-23T14:55:37Z
"חורש מצ""ל"|4385|2023-04-19T21:00:06Z
רבי אברהם אבן חסדאי|4385|2023-02-23T14:35:41Z
רבי ישעיה בקיש|4396|2023-01-08T15:51:41Z
רבי יוסף כנאפו|4405|2023-02-13T09:28:07Z
מחזור לפי מנהגי בני אשכנז לכל ענפיהם|4408|2023-02-23T15:07:54Z
רבי יהודה בן רבי מאיר הכהן|4409|2023-02-23T14:50:58Z
חזון עובדיה (ספר)|4412|2023-01-08T15:23:15Z
רבי משה מת|4418|2023-03-30T05:45:24Z
רבי אהרן אלפנדרי|4429|2023-03-02T18:39:40Z
כפר שחליים|4430|2023-02-23T15:09:35Z
רבי משה חלאווה|4431|2023-02-23T14:29:21Z
"חידושי הגרנ""ט"|4444|2023-02-23T14:36:44Z
ארחות שבת|4449|2022-12-08T16:55:14Z
רבי אליהו בן גיגי|4455|2023-01-08T15:59:50Z
והזהיר|4481|2023-02-23T15:06:09Z
מלאכות שביעית|4484|2023-03-05T15:51:48Z
הלכה ברורה (ספר)|4492|2023-02-20T10:03:24Z
רבי יעקב מקינון|4496|2023-02-23T15:11:33Z
אשת ירבעם|4508|2023-03-05T15:51:59Z
רבי יצחק חיות|4508|2023-04-27T09:58:08Z
רבי חושיאל בן אלחנן|4524|2023-04-17T23:05:57Z
רבי משה הכהן ממגנצא|4527|2023-02-23T14:53:46Z
רבי שלמה הכהן (מקובל)|4532|2023-02-23T14:52:36Z
לא תאכלו על הדם|4542|2023-04-19T09:46:03Z
משיח בשערי רומא|4543|2023-02-23T15:17:12Z
חוט המשולש|4554|2023-01-08T15:22:44Z
דעת תבונות|4572|2023-03-19T07:16:13Z
"דדן בתנ""ך"|4581|2023-02-22T09:35:33Z
רבי זלמן רונקיל|4584|2023-03-30T05:45:19Z
רבי ברכיה מניקולא|4588|2023-02-23T14:35:41Z
מסכת שביעית|4597|2023-03-05T15:50:59Z
דינים (בני נח)|4601|2023-04-19T10:03:55Z
כלבו (ספר)|4601|2023-02-23T14:56:45Z
רבי אבא (השני)|4603|2023-02-23T15:10:57Z
רבנו פרץ|4605|2023-02-23T14:37:23Z
המספיק לעובדי השם|4616|2023-04-02T09:53:02Z
רבי רחומאי|4619|2023-04-03T01:09:44Z
נתיבות המשפט|4639|2023-03-30T05:45:26Z
תקנת השבים|4693|2023-03-19T07:17:06Z
אביעזר (שבט מנשה)|4697|2023-03-05T15:51:38Z
פרישי מדברא|4699|2023-04-18T22:33:25Z
רבי יעקב הלוי ממרויש|4699|2023-02-23T14:39:12Z
אנקה (שרץ)|4706|2023-04-19T09:48:07Z
רבי חיים אלפאנדרי הזקן|4712|2023-02-12T19:19:29Z
רבי יצחק מאיו|4713|2023-01-08T15:55:29Z
שמירת הלשון|4729|2022-12-28T16:10:53Z
משפט כהן|4730|2023-02-23T15:04:17Z
עולת במת יחיד|4735|2023-05-04T15:30:54Z
רבי מנשה סתהון|4738|2023-02-23T15:17:32Z
רבי יהושע דסכנין|4742|2023-04-01T19:00:34Z
"יבול חו""ל"|4780|2023-03-16T09:42:08Z
רבי מאיר מלמד|4788|2023-04-01T19:49:04Z
רבי תם אבן יחיא|4801|2023-02-23T15:09:24Z
רבי אורי שרגא פייבל שרייאר|4811|2023-03-05T12:50:03Z
רבי אליעזר צבי ספרין|4814|2023-02-23T14:52:12Z
מחיר יין|4846|2023-03-19T07:13:34Z
ספר העתים|4849|2023-02-23T14:55:41Z
מסכת בכורות|4857|2023-03-19T06:40:26Z
רבי שמואל לאנייאדו|4882|2023-01-08T15:58:51Z
שב שמעתתא|4887|2023-03-19T07:02:25Z
בשר על גבי גחלים|4900|2023-04-25T14:24:13Z
"רבי יהודה בן הרא""ש"|4911|2023-02-23T14:37:23Z
"רבי נתן נטע סג""ל לנדא"|4915|2023-01-08T15:53:54Z
רבי אברהם מיוחס|4932|2023-02-23T15:06:09Z
מעשר עני|4940|2023-03-05T15:51:29Z
רבי קלונימוס הזקן|4947|2023-03-27T10:21:18Z
רבי יצחק (זוהר)|4959|2023-03-05T15:52:13Z
חיים ביד|4962|2023-03-05T15:52:11Z
מדרש רבה|4968|2023-03-19T07:00:06Z
רבי יצחק נוניש בילמונטי|4968|2023-04-26T13:00:15Z
אדרא רבא|4974|2023-02-23T14:58:47Z
"מהר""ם מינץ"|4976|2023-02-23T14:37:41Z
פרשת בחוקותי|4976|2023-04-18T00:12:16Z
ספרי|4979|2023-03-05T12:27:54Z
רבי חיים דילקריס|4987|2023-02-23T14:35:41Z
אבן העזר|4991|2023-03-19T07:02:25Z
מא כ'בר|5038|2023-04-27T16:01:25Z
רבי יעקב לנדא (האגור)|5039|2023-02-23T15:04:36Z
עכבר|5053|2023-04-19T09:48:08Z
קוואטר|5080|2023-04-19T10:01:15Z
וועקער|5082|2023-02-23T15:04:00Z
רבי אלעזר חזן|5084|2023-02-23T15:14:27Z
איסור הכאת הורים|5085|2023-03-27T10:21:18Z
"באר הגולה (המהר""ל מפראג)"|5098|2023-02-23T14:38:14Z
רבי אליעזר ממיץ|5103|2023-02-23T14:29:21Z
תהילים י'|5103|2023-02-23T15:10:01Z
רבי יעקב אליפנדרי|5107|2023-02-12T19:19:29Z
קונטרס הביאורים|5117|2023-02-12T19:10:13Z
ספר האגור|5123|2023-02-23T14:50:51Z
מגילת סתרים|5132|2023-03-02T18:50:10Z
קונטרס ההתפעלות|5137|2023-02-23T14:56:17Z
מסכת יומא|5148|2023-03-19T06:40:27Z
רבי דוד משרקי|5167|2023-03-30T05:45:24Z
רבי חיים בנימין פונטרימולי|5169|2023-02-23T15:04:00Z
נשמה יתרה|5175|2023-02-23T15:04:00Z
פאת השולחן|5178|2023-02-23T14:42:38Z
אבני מילואים|5190|2023-03-30T05:45:24Z
רבי דוד מנובהרדוק|5192|2023-02-23T14:29:36Z
דבקות בתלמידי חכמים|5194|2023-03-27T10:20:48Z
פריזי|5207|2023-04-19T10:04:52Z
יום טוב הסמוך לשבת|5211|2023-01-08T15:57:59Z
שיטה מקובצת|5224|2023-02-23T14:37:23Z
וזאת הברכה (ספר)|5234|2023-03-30T05:45:24Z
לטאיים|5254|2023-04-19T09:48:09Z
תהילים ז'|5258|2023-03-05T15:51:59Z
גן השכלים|5260|2023-03-30T05:45:24Z
רבי אייזיק שטיין|5263|2023-03-27T10:21:18Z
רבי מנחם רקנאטי|5268|2023-04-21T02:20:10Z
בן פקועה|5274|2023-04-19T09:44:37Z
רבי יונה לנדסופר|5284|2023-02-23T14:39:50Z
עין טב|5296|2023-02-23T15:07:36Z
הכרזת המצורע על הצרעת|5303|2023-03-05T15:52:10Z
רבי שלמה בן היתום|5304|2023-02-23T15:17:09Z
יגל יעקב|5307|2023-01-08T16:08:11Z
גוי של שבת|5311|2023-03-19T07:14:15Z
תניא רבתי|5312|2023-03-30T05:45:19Z
ספר חרדים|5314|2023-02-23T14:35:34Z
עבד המלך|5324|2023-03-30T05:45:26Z
רבי אלחנן בן יצחק|5358|2023-04-26T18:40:19Z
חושן משפט|5360|2023-03-19T07:02:25Z
רבי אברהם דוד לבוט|5360|2023-02-23T14:50:41Z
אורחות צדיקים|5365|2023-03-19T07:06:01Z
בל תאחר|5376|2023-02-23T14:56:17Z
ספר נחמיה|5378|2023-03-19T06:40:30Z
רבי מתתיה נסים טירני|5384|2023-02-20T10:05:39Z
איחולי עשרת ימי תשובה|5386|2023-03-19T07:15:47Z
משך חכמה|5387|2023-03-02T18:25:05Z
במת יחיד|5388|2023-05-04T15:30:54Z
הסגת גבול (יהדות)|5399|2023-03-05T15:51:21Z
רבי ישראל ברונא|5407|2023-03-30T05:45:26Z
דבר שטיבולו במשקה|5409|2023-04-18T16:10:31Z
נביאים ראשונים|5411|2023-02-23T14:41:32Z
מנורת שבת|5416|2023-02-23T15:14:59Z
משכן גבעון|5426|2023-04-25T14:24:13Z
יוסף מוקיר שבת|5428|2023-02-23T14:42:24Z
רבי יצחק בן מאיר|5429|2023-04-26T18:40:19Z
אי אפשי בתקנת חכמים|5435|2023-03-19T07:20:34Z
סתם יינם|5438|2023-04-09T11:20:37Z
אונאת הגר|5447|2023-03-27T10:20:48Z
מפרכסת|5448|2023-04-19T09:46:04Z
שערי תשובה (אורח חיים)|5450|2023-02-23T14:30:01Z
אמרכל (ספר)|5454|2023-03-30T05:45:30Z
אבות דרבי נתן|5459|2023-03-19T07:00:06Z
רבי שבתי דונולו|5460|2023-02-23T14:39:03Z
תהילים ט'|5489|2023-02-23T15:10:01Z
שעיר נחשון|5490|2023-04-19T09:43:07Z
פירוש אברבנאל|5503|2023-02-23T14:54:24Z
רבי אבא אלבז|5505|2023-02-23T15:04:17Z
אחימן ששי ותלמי|5512|2023-03-05T15:51:40Z
הליכות עולם (כללים)|5517|2023-03-30T05:45:24Z
בת עין (ספר)|5519|2023-02-23T15:10:21Z
ספר משפטים|5519|2023-03-19T07:20:28Z
רבי יהודה אשכנזי (רב טורקי)|5521|2023-02-12T19:09:43Z
מצוות קידוש השבת בדברים|5531|2023-03-27T10:20:48Z
רבי שמואל די מדינה|5532|2023-03-30T05:45:26Z
רבי שלמה זלמן מירקש|5556|2023-04-30T00:14:03Z
מנהג ירושלים|5559|2023-02-23T14:48:40Z
אבר המדולדל|5565|2023-04-19T09:46:03Z
והיא שעמדה (ניגון)|5575|2023-04-15T23:20:13Z
רבי אלחנן אשכנזי|5575|2023-01-08T15:21:57Z
איסור נעבד|5584|2023-03-05T15:52:13Z
קדושת לוי|5585|2023-02-23T14:35:25Z
נביאים אחרונים|5586|2023-02-23T15:04:20Z
"הלכות שביתת עשור (רמב""ם)"|5594|2023-02-23T15:09:11Z
רבי מנחם בן זרח|5627|2023-03-30T05:45:24Z
רבי אברהם אליגרי|5630|2023-01-30T20:33:46Z
רבי צבי הירש שפירא|5644|2023-01-08T15:24:21Z
רבי מאיר בן שמואל|5667|2023-04-26T18:40:19Z
רבי יוסף קורקוס|5668|2023-04-26T13:00:15Z
ספר מצוות גדול|5669|2023-03-30T05:45:19Z
רבי מנחם ממירזבורק|5672|2023-04-01T23:12:12Z
לקט ופרט|5674|2023-03-05T15:51:38Z
רבי שמואל הומינר|5680|2023-01-23T10:00:00Z
תולדות יעקב יוסף|5686|2023-02-23T22:27:10Z
קובץ שיעורים|5696|2023-02-23T14:38:25Z
בצדק תשפוט עמיתך|5710|2023-03-05T15:51:48Z
רבי משה נחום ירושלמסקי|5732|2023-02-23T14:35:23Z
רבי אליעזר מטול|5735|2023-03-27T10:21:18Z
רבי שבתי מרשקוב|5742|2023-03-05T12:43:25Z
"רבי דוד הכהן (רד""ך)"|5743|2023-02-23T14:42:26Z
נתיבות עולם|5746|2023-03-19T07:16:44Z
קרבן יולדת|5746|2023-04-19T09:41:26Z
חוות יאיר (ספר)|5764|2023-03-19T11:58:42Z
איסור עבודה במקדש בבגדים קרועים|5765|2023-03-05T15:52:10Z
כוח (לטאה)|5766|2023-04-19T09:48:07Z
שער הכוונות|5767|2023-05-04T15:27:00Z
בשר מן החי|5776|2023-04-19T09:46:03Z
הינוקא מכפר סכנין|5781|2023-03-20T10:36:29Z
רבי יהודה בן יצחק מסר לאון|5783|2023-04-26T18:40:19Z
רבי יעקב מאורליינש|5807|2023-03-27T10:20:49Z
רבי דוד חיים צבאח|5812|2023-02-23T15:01:37Z
רכיבה על אופניים בשבת|5820|2023-02-23T14:31:40Z
מאור עינים (צ'רנוביל)|5825|2023-02-23T14:35:25Z
רבי משולם בן משה מבדרש|5839|2023-04-26T11:02:17Z
ספר המנהיג|5856|2023-03-30T05:45:26Z
אבן השתייה|5861|2023-02-23T14:56:21Z
רבי נתן בן יצחק הבבלי|5864|2023-02-23T15:11:51Z
רבי אבין הלוי|5869|2023-05-04T02:43:57Z
טוב שבגויים הרוג|5879|2023-04-19T10:02:59Z
"שו""ת הרא""ש"|5885|2023-03-30T05:45:34Z
מועד לכל חי|5888|2023-03-19T07:20:35Z
לך א-לי תשוקתי|5889|2023-03-19T07:06:11Z
שלמי חגיגה|5891|2023-04-19T09:44:13Z
ספר הפלאה|5893|2023-03-19T07:20:28Z
רבי רפאל מילדולה (לונדון)|5897|2023-03-05T15:51:54Z
רבי משה בנבנישתי|5901|2023-01-30T20:33:58Z
לועג לרש|5902|2023-03-27T10:20:52Z
סעודת רבי חידקא|5904|2023-03-21T23:40:43Z
רבי יהודה הלוי מינץ|5912|2023-03-30T05:45:26Z
אכילה גסה|5913|2023-03-30T05:45:29Z
רבי אליה שפירא|5913|2023-03-30T05:45:23Z
מאור האפלה|5915|2023-03-30T05:45:23Z
רבי שמעון לביא|5920|2023-02-23T14:50:12Z
רבינו יהודה מינץ|5936|2023-03-30T05:45:23Z
רבי יעקב בן נסים|5943|2023-02-23T15:04:26Z
גנבת דעת|5953|2023-02-23T15:00:46Z
רבי רחמים נסים יהודה די שיגורה|5962|2023-05-01T15:20:22Z
שלמי שמחה|5965|2023-04-19T09:44:13Z
גרגשי|5968|2023-04-19T10:04:49Z
"כתבי הגר""ח"|5977|2023-01-08T15:21:59Z
רבי מנשה אייכנשטיין|5981|2023-02-23T14:51:44Z
ספר מצוות קטן|5990|2023-01-08T15:17:38Z
יום קרבן עצים|5997|2023-03-05T15:52:10Z
פרה שומרת שבת|5998|2023-02-23T14:58:46Z
אשת ישעיהו|6005|2023-03-05T15:51:55Z
רבי משה בן קלונימוס|6005|2023-02-23T14:42:24Z
גנבה (הלכה)|6014|2023-03-26T23:00:13Z
רבי יצחק מדורא|6014|2023-02-23T14:53:46Z
חטאת פנימית|6049|2023-04-19T09:42:29Z
רבי חיים מודעי|6085|2023-05-07T16:22:18Z
איסור עבודה במקדש שתויי יין|6086|2023-03-27T10:21:26Z
ספר קניין|6098|2023-03-19T07:20:28Z
שערי תשובה|6117|2023-03-19T07:06:45Z
תרומת מעשר|6123|2023-03-05T15:51:29Z
רבי חזקיה (תנא)|6132|2023-04-01T19:20:04Z
רבי ישעיה הלוי|6143|2023-04-30T09:00:40Z
רבי צבי כץ|6161|2023-02-23T14:56:19Z
רבי אבא (תנא)|6163|2023-05-04T15:30:19Z
אדיר במלוכה|6166|2023-04-27T16:01:25Z
צעטיל קטן|6172|2023-03-15T09:20:15Z
אחזיה (מלך ישראל)|6176|2023-03-05T15:51:38Z
פסקי תוספות|6176|2023-02-23T14:37:23Z
לב חיים|6184|2023-01-08T16:08:22Z
באר היטב|6186|2023-05-01T17:40:38Z
ביטול שמירת המקדש|6197|2023-05-04T15:30:54Z
רבי משה בן מכיר|6198|2023-03-19T07:08:12Z
דרך ה'|6205|2023-03-19T07:13:34Z
רבי יהודה רוזאניס|6205|2023-05-01T15:20:22Z
רבי אברהם קלויזנר|6213|2023-02-23T14:55:37Z
רבי בנימין אהרן סלניק|6214|2023-03-30T05:45:23Z
שבעת העממים|6215|2023-04-19T10:04:52Z
רבי שבתי יונה|6224|2023-03-30T05:45:34Z
רבי אברהם בן יצחק מנרבונה|6226|2023-02-23T14:39:50Z
ברוך שאמר (הלכות תפילין)|6242|2023-02-23T15:07:54Z
רבי יצחק הצרפתי|6246|2023-04-26T18:40:19Z
ברוך שם כבוד מלכותו לעולם ועד|6261|2023-03-27T10:20:49Z
טומאת שרץ|6263|2023-04-19T09:47:23Z
מסכת ראש השנה|6271|2023-03-19T07:00:54Z
פרי מגדים|6272|2023-03-19T06:40:25Z
אהלי אשר תאבת|6275|2023-02-23T15:14:27Z
דרבנן|6276|2023-02-23T14:29:17Z
תיקונים חדשים|6287|2023-02-23T15:09:17Z
רבי חנוך בן משה|6296|2023-02-23T14:35:41Z
דאורייתא|6303|2023-02-23T14:31:57Z
רבי שלמה מחלם|6312|2023-04-26T13:00:15Z
וואך נאכט|6322|2023-04-19T10:01:14Z
אורים ותומים (ספר)|6327|2023-03-02T18:44:14Z
זריעה מוקדמת|6327|2023-02-23T15:13:16Z
פסקי תשובות|6329|2023-03-30T05:45:19Z
העלאה באוב|6343|2023-03-05T15:51:46Z
שכחה (מתנות עניים)|6348|2023-03-05T15:51:38Z
והיא שעמדה|6369|2023-04-27T16:01:25Z
נחלת שבעה (ספר)|6378|2023-02-23T14:50:30Z
ספר צפניה|6379|2023-03-19T07:10:55Z
ספירת שנות היובל|6394|2023-03-05T15:52:13Z
ספר תיקון מידות הנפש|6405|2023-02-23T15:07:16Z
רבי דוד אבודרהם|6427|2023-03-20T18:48:01Z
רבי שמואל חיון|6436|2023-03-31T08:20:07Z
רבי יוסף יוזפא שטרן|6451|2023-02-23T15:11:46Z
חמוטל בת ירמיהו|6459|2023-03-05T15:51:59Z
חובת התלמידים|6460|2023-03-19T07:02:25Z
פר של יום הכיפורים|6461|2023-05-04T15:30:37Z
גוי ששבת חייב מיתה|6469|2023-04-25T14:24:13Z
מקרא ביכורים|6479|2023-03-05T15:51:21Z
רבי שלום בוזגלו|6486|2023-02-23T14:51:10Z
שימושא רבא|6508|2023-03-19T07:06:43Z
חקקי לב|6519|2023-02-12T19:19:29Z
נסירה (קבלה)|6532|2023-04-30T00:15:58Z
תרומת הדשן|6563|2023-04-18T14:12:25Z
כלי יקר|6567|2023-04-17T01:21:27Z
רבי כרוספדאי (תנא)|6577|2023-04-01T19:20:04Z
ברכת השחיטה|6592|2023-04-19T09:44:37Z
"תשובות הרמב""ם"|6592|2023-02-20T10:00:46Z
"הלכות מגילה וחנוכה (רמב""ם)"|6593|2023-02-23T15:09:11Z
רבי משה תקו|6598|2023-02-23T14:40:15Z
רבי משה אבן תיבון|6616|2023-04-18T16:30:15Z
חמדת ימים (שבזי)|6623|2023-03-05T13:08:41Z
איסור הלנת המת|6629|2023-03-27T10:21:18Z
הדלקת הנרות במקדש|6638|2023-04-25T14:20:55Z
ביעור מעשרות|6647|2023-03-05T15:51:54Z
אסרו חג|6653|2023-04-07T12:06:29Z
הליכה וטיול בארץ ישראל|6656|2023-04-25T22:40:04Z
ספר אבן העזר|6663|2023-03-05T15:52:06Z
"אבן העזר (ראב""ן)"|6668|2023-03-05T15:52:06Z
פרויקט פרידברג לחקר הגניזה|6670|2023-03-05T13:01:48Z
שמחת הרגלים|6672|2023-03-27T10:20:43Z
שמן המשחה|6681|2023-04-18T22:45:28Z
טומאת ארץ העמים|6688|2023-02-23T14:31:19Z
רבי מאיר מלובלין|6694|2023-01-08T15:18:05Z
"כתר שם טוב (בעש""ט)"|6695|2023-02-23T15:11:35Z
לקט יושר|6704|2023-03-05T15:52:01Z
רבי אהרן מנדל כהן|6708|2023-02-12T19:16:05Z
ילקוט שמעוני|6713|2023-03-19T07:00:06Z
מדרש שכל טוב|6716|2023-03-05T15:51:50Z
איסור עשיית פסל|6741|2023-03-27T10:20:42Z
איסור עבודה במקדש בראש פרוע|6759|2023-03-05T15:52:10Z
רבי יצחק הגדול מפוזנא|6781|2023-03-30T05:45:29Z
שם הגדולים|6803|2023-03-21T08:25:36Z
רבי משה מלונדריש|6805|2023-02-23T15:11:54Z
נודה לשמך|6810|2023-04-19T10:01:40Z
בל תשקצו|6817|2023-04-25T14:24:13Z
"רא""ה"|6843|2023-05-06T22:20:03Z
יערות דבש|6845|2023-03-20T10:41:13Z
מחזור ויטרי|6850|2023-02-23T14:39:50Z
בית עובד (סדור)|6852|2023-03-02T18:49:56Z
יסוד ושורש העבודה|6859|2023-03-19T06:40:30Z
ספר מלכים|6866|2023-03-19T07:00:54Z
רבי חיים ישעיה הלברסברג|6877|2023-02-23T14:40:53Z
מסכת ביצה|6878|2023-03-19T06:40:27Z
רבי אליהו הזקן|6881|2023-03-30T05:45:23Z
קיטל|6884|2023-05-03T20:22:24Z
רבי יצחק מלצן|6898|2023-02-23T14:43:22Z
אסמכתא (דרשה)|6901|2023-02-23T14:43:22Z
ספר נזיקין|6921|2023-03-19T07:20:28Z
"פסקי הרא""ש"|6928|2023-05-04T15:24:13Z
רבי אהרון הכהן מלוניל|6934|2023-02-23T14:42:00Z
חיים ושלום|6935|2023-02-12T19:18:48Z
רבי אליקים בן משולם|6935|2023-02-23T14:53:46Z
אדיר הוא|6937|2023-04-27T16:01:25Z
רבי משה יצחק אביגדור|6938|2023-03-30T05:45:19Z
רבי אברהם די בוטון|6962|2023-05-01T15:20:22Z
רבי אברהם משכיל לאיתן|6967|2023-02-23T15:08:03Z
העמק דבר|6996|2023-03-19T07:03:13Z
רבי אברהם אבן עזרא (אזמיר)|6999|2023-02-12T19:18:48Z
רבי אלכסנדרי זוסלין הכהן|6999|2023-03-12T12:36:25Z
לכבוד חמדת לבבי|7000|2023-04-19T10:01:40Z
בל תוסיף ובל תגרע|7009|2023-03-30T05:45:23Z
רבי יעקב משולם אורנשטיין|7009|2023-04-18T16:04:41Z
רבי יוסף קולון|7010|2023-03-30T05:45:23Z
לשנה הבאה בירושלים|7051|2023-04-27T16:01:25Z
"הלכות תשובה (רמב""ם)"|7064|2022-12-08T16:58:54Z
"השגות הראב""ד"|7070|2023-02-23T14:45:46Z
טעמי המנהגים ומקורי הדינים|7077|2023-02-23T15:04:17Z
אדרא זוטא|7087|2023-02-23T14:54:44Z
ביעור פירות שביעית|7100|2023-02-23T15:08:03Z
וידוי מעשרות|7100|2023-03-27T10:20:49Z
עשו שונא ליעקב|7104|2023-03-05T15:51:38Z
רבי שמואל קעלין|7105|2023-02-23T14:31:45Z
סוחרי שביעית|7109|2023-03-05T15:52:08Z
תורת הבית|7109|2023-03-30T05:45:26Z
פרשת אמור|7128|2023-04-18T00:12:16Z
רבי חיים מרדכי לבטון|7156|2023-02-23T15:00:29Z
פרשת בשלח|7168|2023-04-18T00:12:16Z
איסור קללת אב ואם|7192|2023-03-27T10:20:43Z
חיווים|7194|2023-04-19T10:04:49Z
מלאכת כותב|7204|2023-01-08T15:55:34Z
עונת המעשרות|7209|2023-03-27T10:20:48Z
רבי חיים יוסף אריה פרגר|7271|2023-04-17T22:58:39Z
רבי משה בן אלעזר הכהן|7290|2023-03-30T05:45:34Z
רבי יחזקיה ממגדבורג|7291|2023-03-30T05:45:26Z
שני לוחות הברית (ספר)|7295|2023-02-23T14:35:04Z
פרסום הנס|7322|2023-05-04T15:22:57Z
חטאת העוף|7336|2023-04-19T09:41:26Z
רבי יעקב ריישר|7337|2023-02-23T14:29:52Z
מתנות לאביונים|7338|2023-03-19T06:40:32Z
פרשת בראשית|7341|2023-04-18T00:12:16Z
תורה תמימה|7341|2023-02-23T14:38:14Z
אוריהו בן שמעיהו|7344|2023-03-05T15:51:21Z
סנדק|7388|2023-04-19T10:01:14Z
אאדה עד חוג שמים|7392|2023-03-30T05:45:34Z
גילוח המצורע|7402|2023-03-02T18:49:34Z
עולת ראייה|7403|2023-04-19T09:43:47Z
אוכלים ומשקים שתחת המיטה|7447|2023-04-16T08:00:07Z
יבול שישית|7454|2023-03-05T15:52:10Z
רבי מאיר פוזנר|7461|2023-03-02T18:24:17Z
עקידת יצחק (ספר)|7472|2023-02-23T14:51:44Z
פורים קטן|7478|2023-03-30T05:45:34Z
יבוסים|7500|2023-04-25T14:24:13Z
אמורי (עם)|7505|2023-04-19T10:04:49Z
נביאים|7505|2023-03-19T06:40:30Z
שלושים יום קודם החג שואלים ודורשים בהלכות החג|7507|2023-03-26T05:40:06Z
רבי אלעזר אזכרי|7513|2023-04-21T02:40:02Z
מה נשתנה|7514|2023-04-27T16:01:25Z
ממלכת אמורו|7521|2023-04-19T10:04:49Z
חבר (הלכה)|7528|2023-03-02T18:32:56Z
פרשת בלק|7528|2023-04-18T00:12:16Z
רבי מסעוד חי רקח|7532|2023-02-20T10:03:09Z
נטעי גבריאל|7541|2023-03-02T18:36:50Z
תהילים ח'|7541|2023-02-23T15:04:09Z
רבי דניאל טירני|7567|2023-05-01T15:20:22Z
"שו""ת מן השמים"|7567|2023-02-23T14:39:12Z
חיי אדם|7570|2023-02-23T14:29:19Z
רבי אריה לייב הלר|7573|2023-03-30T05:45:26Z
ההלכות העיקריות בשחיטה|7599|2023-04-19T09:44:37Z
רבי יעקב קאשטרו|7602|2023-03-30T05:45:24Z
סעודה מפסקת|7626|2023-03-19T07:14:00Z
רבי צבי הירש ברודא (קיצע)|7627|2023-02-23T15:17:44Z
ספר חסידים|7637|2023-01-03T16:20:26Z
רבי פנחס הלוי|7642|2023-03-30T05:45:34Z
צאינה וראינה|7647|2023-04-25T14:24:13Z
גאולת קרקע|7655|2023-03-05T15:52:01Z
גר תושב|7669|2023-03-27T10:20:52Z
ערב ראש השנה|7670|2023-05-04T02:43:57Z
ספר נשים|7680|2023-03-27T10:21:18Z
אגרות משה|7693|2023-03-30T05:45:26Z
מצוות תקיעת שופר ביובל|7693|2023-03-05T15:52:05Z
תחינות|7698|2023-03-19T07:14:15Z
חשד (הלכה)|7700|2023-02-23T15:02:39Z
רבי יעקב פראג'י|7707|2023-02-23T15:04:11Z
רבי רפאל אלעזר בן-טובו|7726|2023-02-23T15:04:26Z
רבי נתנאל וייל|7729|2023-03-30T05:45:26Z
קרבן איל נזיר|7739|2023-04-19T09:44:13Z
רבי יעקב חזן מלונדון|7753|2023-03-30T05:45:24Z
מסכת בבא קמא|7764|2023-03-19T06:40:27Z
מחזור תפילה|7769|2023-04-18T16:22:32Z
מסכת בבא מציעא|7778|2023-04-15T23:37:31Z
גרמא בשבת|7808|2023-03-27T10:21:18Z
רבי יצחק בן משה מווינה|7813|2023-04-18T16:25:53Z
חדושים ובאורים|7819|2023-02-23T14:37:13Z
רבי אביגדור קרא|7826|2023-04-18T16:09:58Z
"מאמר מרדכי (ספר שו""ת)"|7852|2023-02-23T15:07:19Z
רבי אלכסנדר סנדר מרגליות|7872|2023-03-30T05:45:24Z
רבי שמואל אבן ג'אמע|7873|2023-02-23T15:08:09Z
רבי מסעוד אלפסי|7874|2023-04-18T16:20:58Z
שחיטת קדשים בחוץ|7896|2023-03-05T15:52:10Z
שבירת כלי חרס שבושלו בהם קדשים|7907|2023-04-19T09:41:26Z
קובץ הערות|7928|2023-02-23T14:56:22Z
חטאת נשיא|7951|2023-04-19T09:41:26Z
מקבציאל (מאסף תורני)|7958|2023-03-30T05:45:34Z
פרי הארץ|7967|2023-03-30T05:45:26Z
קסת הסופר|7969|2023-02-23T15:07:58Z
רבי דוד אופנהיים|7969|2023-03-30T05:45:19Z
תוספות איוורא|7986|2023-02-23T14:37:23Z
סכין שחיטה|7989|2023-04-25T14:20:35Z
"מכילתא דרשב""י"|8001|2023-04-30T00:21:51Z
"קיצור סמ""ג"|8008|2023-03-30T05:45:34Z
רבי וולף היידנהיים|8018|2023-04-24T19:24:32Z
רבי מרדכי עזראן|8032|2023-02-23T15:04:17Z
אמונה וביטחון (ספר)|8038|2023-03-16T04:53:54Z
רבי יעקב סיניגאליאה|8053|2023-02-13T09:28:07Z
רבי שלמה גאנצפריד|8061|2023-01-08T15:13:10Z
רבי שמשון משאנץ|8064|2023-04-26T18:40:19Z
ברכת הבנים|8081|2023-03-27T10:20:52Z
תוספת שביעית|8084|2023-02-23T15:12:42Z
א-לי חיש גואלי|8087|2023-02-23T15:14:11Z
רבי ברוך בן שמואל|8090|2023-02-23T14:42:24Z
רבי אשר קובו|8096|2023-01-08T15:58:51Z
רבי יצחק אבוהב (מנורת המאור)|8096|2023-02-22T13:15:26Z
עשרים וארבעה דברים המעכבים את התשובה|8101|2023-02-23T15:09:33Z
עין יעקב (ספר)|8104|2023-02-23T14:50:49Z
אבר היוצא|8105|2023-04-19T09:46:03Z
לשון של זהורית|8106|2023-03-05T15:52:05Z
מסכת שבת|8106|2023-03-19T06:40:27Z
כי אשמרה שבת|8123|2023-03-27T10:20:43Z
רבי מיישטרלין|8124|2023-02-23T15:18:00Z
צום יהושע|8128|2023-03-05T15:51:19Z
מדרש הגדול|8129|2023-02-23T14:54:24Z
רבי יוסף זונדל הוטנר|8135|2023-02-23T14:39:50Z
מעשר כספים|8140|2023-03-05T15:51:38Z
"בשעה שהקדימו-תער""ב"|8149|2023-02-23T15:05:05Z
שיכר גויים|8167|2023-04-19T10:03:00Z
ספר זרעים|8168|2023-03-27T10:21:18Z
דרך אמונה|8189|2023-02-23T14:43:26Z
טבל|8197|2023-04-25T14:20:35Z
"תהילים ט""ז"|8198|2023-04-18T16:18:04Z
רבי חזקיה פייבל פלויט|8215|2023-03-19T07:15:40Z
הערוך הקצר|8235|2023-05-04T15:28:37Z
דרכי האמורי|8244|2023-03-27T10:20:42Z
רבי דוד הלוי חמדי|8260|2023-02-23T14:59:45Z
איסור נישואים עם שתי אחיות|8271|2023-03-05T15:51:48Z
חבלי משיח|8280|2023-05-02T13:35:01Z
רבי יהודה בן ברזילי הברצלוני|8284|2023-02-23T14:39:50Z
רבי שלמה בן שמשון|8290|2023-02-23T14:50:25Z
רבי זכריה הרופא|8295|2023-02-14T12:00:05Z
"ספר המצוות לרמב""ם"|8319|2023-03-19T06:40:07Z
דיבת הארץ|8341|2023-04-22T21:04:20Z
תיקוני הזוהר|8344|2023-03-19T07:08:01Z
קדושה אחת|8354|2023-02-23T14:55:46Z
דיינו|8355|2023-04-27T16:01:25Z
שיטה לא נודע למי|8366|2023-02-23T14:54:38Z
פורים רב|8375|2023-03-28T18:00:02Z
ספר האשכול|8385|2023-02-23T14:29:21Z
חומטיים|8387|2023-04-19T09:48:07Z
רבי יצחק אבוהב (גאון קסטיליה)|8405|2023-02-23T14:37:13Z
ספר ירמיהו|8407|2023-03-19T07:00:54Z
רבי אברהם בן נתן|8414|2023-04-18T23:03:54Z
איסור משכב עם אחות האב|8442|2023-03-05T15:51:48Z
בעשא|8448|2023-03-05T15:52:06Z
תקיעת הכהנים בחצוצרות|8462|2023-04-25T14:20:35Z
רבי מנחם בן שלמה|8478|2023-02-12T19:18:44Z
תקנת הרווקים|8481|2023-05-04T15:30:49Z
מצוות התלויות בארץ|8497|2023-03-05T15:51:29Z
מסכת בבא בתרא|8511|2023-03-19T06:40:27Z
מותרות (קרבנות)|8515|2023-04-19T09:43:46Z
מחזור ארם צובא|8526|2023-02-23T14:38:14Z
שאר כסות ועונה|8550|2023-03-05T15:51:28Z
אחד מי יודע|8565|2023-04-27T16:01:25Z
רבי ישעיהו באסאן|8568|2023-03-30T05:45:19Z
שעיר ראש חודש|8578|2023-05-04T15:30:37Z
מעשר ראשון|8588|2023-04-25T14:20:35Z
אור זרוע|8592|2023-03-30T05:45:26Z
מעשר שני|8600|2023-03-05T15:51:17Z
רבי יוסף דילה ריינה|8603|2023-03-05T12:44:31Z
מעבר יבוק (ספר)|8609|2023-02-23T14:56:22Z
רבי משה מטראני|8616|2023-03-30T05:45:26Z
איסור גנבת אדם|8653|2023-03-05T15:52:06Z
פאת השדה|8686|2023-03-27T10:20:49Z
רבי אליעזר מטוך|8696|2023-02-23T14:38:14Z
רבי מאיר די בוטון|8696|2023-03-02T18:50:05Z
"ריטב""א"|8696|2023-04-18T16:16:49Z
חישוב הקץ|8717|2023-02-23T14:31:45Z
רבי הלל בן שמואל|8723|2023-04-18T16:21:54Z
רבי משה פארדו|8784|2023-05-01T09:20:40Z
יהי שלום בחילנו|8792|2023-04-19T10:01:40Z
איש חסיד היה|8822|2023-03-21T23:40:43Z
"ר""י מיגאש"|8862|2023-03-05T12:21:36Z
מדרש לקח טוב|8876|2023-03-05T12:27:57Z
האוכל דג ביום דג ניצל מדג|8893|2023-05-04T15:30:42Z
הכנסת אורחים|8914|2023-03-05T15:51:57Z
נודע ביהודה|8927|2023-05-04T15:30:22Z
מכילתא דברים|8934|2023-03-05T12:55:31Z
רבי וידאל די טולוזא|8944|2023-03-30T05:45:23Z
רבי מאיר איזנשטט|8946|2023-03-30T05:45:19Z
רבי חיים שבתי|8952|2023-03-30T05:45:23Z
חטאות המתות|8962|2023-05-03T13:13:39Z
רבי מרדכי דב טברסקי (הורניסטייפול)|8978|2023-05-04T15:26:21Z
מילות הגיון|8997|2023-03-30T05:45:19Z
המקושש|9004|2023-03-05T15:51:38Z
רבי ישראל יעקב חגיז|9010|2023-02-23T14:29:19Z
רבי משה מקוצי|9017|2023-02-23T14:37:23Z
שחיטת הקרבן|9024|2023-04-19T09:44:40Z
רבי יוסף בירדוגו (מקנס)|9026|2023-02-23T14:57:41Z
כיסוי הדם|9041|2023-04-19T09:44:37Z
מזהירי שבת|9043|2023-04-18T16:21:04Z
מילת מתים|9056|2023-05-04T02:44:06Z
בית הבחירה למאירי|9064|2023-03-30T05:45:19Z
בן איש חי (ספר)|9065|2023-03-19T07:03:51Z
רבי דוד בן שמואל מאישטילא|9084|2023-02-23T14:53:46Z
רבי דוד הלוי סגל|9094|2023-03-19T06:40:25Z
תומר דבורה|9099|2023-03-19T07:08:31Z
אורח חיים (שולחן ערוך)|9119|2023-03-19T07:00:54Z
כל שממנו לאישים הרי הוא בבל תקטירו|9119|2023-04-19T09:43:46Z
רבי אברהם דרושקוביץ|9142|2023-02-23T15:08:09Z
מדרש|9147|2023-03-19T07:00:54Z
איסור ספיחין|9161|2023-03-05T15:52:10Z
סולמה של צור|9176|2023-02-23T14:42:07Z
פר הכהן המשיח|9193|2023-04-19T09:42:29Z
רבי משה קורדובירו|9193|2023-04-21T02:40:02Z
שדי חמד (ספר)|9195|2023-02-23T15:07:53Z
מחיית שבעה עממים|9225|2023-04-25T14:20:35Z
נישואי תערובת ביהדות|9251|2023-04-19T10:03:00Z
בריך שמיה|9264|2023-02-23T15:01:30Z
מצוות זכירת מעשה עמלק|9281|2023-03-21T17:20:02Z
הטפת דם ברית|9286|2023-04-19T10:01:14Z
רבי יעקב וייל|9293|2023-03-25T20:07:00Z
אליהוא בן ברכאל|9298|2023-05-04T15:28:28Z
סהרנה|9306|2023-04-27T16:01:25Z
רבי יצחק אייזיק ספרין|9307|2023-02-23T14:29:21Z
רבי שמואל הסרדי|9337|2023-05-06T22:20:03Z
רבי מרדכי בן הלל|9358|2023-02-23T14:39:18Z
שסו|9362|2023-04-19T10:04:51Z
רבינו אפרים מרגנסבורג|9375|2023-03-05T15:51:19Z
פירות חולין|9377|2023-03-05T15:52:01Z
שבלי הלקט|9393|2023-02-23T14:29:21Z
גזירת כלים|9398|2023-04-02T10:40:35Z
מדרש תנחומא|9417|2023-03-19T07:00:54Z
משקים שנתגלו|9431|2023-04-16T08:00:08Z
רבי יעקב פינטו|9456|2023-02-13T09:28:08Z
סעודת פורים|9468|2023-03-05T15:51:09Z
שחיטה שאינה ראויה|9475|2023-04-19T09:44:39Z
איסור משכב אח עם אחות|9503|2023-03-05T15:51:46Z
מראית עין|9519|2023-05-04T15:27:00Z
רבי רפאל משה אלבז|9526|2023-03-02T18:41:14Z
ספקא דרבנן לקולא|9535|2023-02-23T14:55:56Z
חוקי הנשים|9540|2023-03-30T05:45:34Z
רבי יונה אבן בהלול|9542|2023-02-23T15:16:46Z
מסכת|9574|2023-05-04T02:43:57Z
רבי ברוך בן יצחק|9574|2023-02-23T14:37:23Z
שתי הלחם|9584|2023-03-05T15:51:08Z
יום טוב ראשון של סוכות|9586|2023-03-27T10:21:26Z
רבי אברהם דוד מבוטשאטש|9617|2023-03-30T05:45:19Z
אוצר הארץ|9651|2023-03-05T12:52:36Z
גאולה|9654|2023-04-18T16:28:52Z
רבי בנימין בן אברהם|9654|2023-04-16T23:00:05Z
בתים ושדות בתקופת היובל|9664|2023-03-05T15:51:38Z
אהל מכון בניני|9665|2023-03-05T15:52:01Z
רבי שבתי סופר|9689|2023-03-30T05:45:24Z
צמאה נפשי|9708|2023-04-18T16:06:41Z
רבי שלום מרדכי שבדרון|9718|2023-03-02T18:20:57Z
אשת יפת תואר|9733|2023-03-05T15:51:49Z
רבי יהודה הכהן ליאונטין (הזקן)|9734|2023-05-04T15:26:21Z
השועל והדגים|9742|2023-03-05T15:51:28Z
טבילת אצבע|9782|2023-04-19T09:42:29Z
שעיר של יום הכיפורים|9805|2023-05-04T15:30:54Z
תורת האדם (ספר)|9827|2023-05-06T22:20:03Z
אין עניות במקום עשירות|9830|2023-04-18T16:21:19Z
יורה דעה|9833|2023-03-19T07:02:25Z
אוצר הספרים היהודי השיתופי|9869|2023-02-23T15:08:54Z
אבר מן החי|9878|2023-04-16T08:00:08Z
זמן אלול|9878|2023-02-23T14:38:25Z
רבי מאיר קצנלנבוגן|9886|2023-04-30T14:09:29Z
פרדוקס הלכתי|9910|2023-04-16T12:44:59Z
חילול שבת|9911|2023-03-05T15:50:59Z
רבי אליהו מנחם מלונדריש|9912|2023-02-23T14:35:41Z
רבי אפרים הכהן|9930|2023-03-30T05:45:23Z
סדר עולם|9990|2023-03-19T07:03:14Z
חפץ חיים (ספר)|10014|2023-03-19T07:03:13Z
רבי יצחק בן אשר הלוי|10051|2023-02-23T14:48:57Z
אויר (הלכה)|10054|2023-05-04T15:30:29Z
רבי חזקיה די סילוה|10076|2023-05-01T15:20:22Z
ערל|10083|2023-04-19T10:01:16Z
שערי יושר (ספר)|10104|2023-05-04T15:30:36Z
הלל לומד תורה|10143|2023-03-05T15:52:10Z
פורים שפיל|10143|2023-04-18T16:03:29Z
המפה|10144|2023-03-02T18:25:05Z
פרשת בהעלותך|10152|2023-04-18T00:12:16Z
סיבוב שערי הר הבית|10195|2023-04-18T16:20:58Z
רבי משה רבקש|10219|2023-02-23T14:35:25Z
כבשי עצרת|10223|2023-05-04T15:30:54Z
רבי אברהם דנציג|10223|2023-04-18T16:03:28Z
כל דתקון רבנן כעין דאורייתא תקון|10260|2023-03-27T10:21:18Z
רבי ישראל יהושע מקוטנא|10264|2023-04-18T16:04:41Z
חפץ ה'|10280|2023-03-30T05:45:34Z
רבי אברהם צבי הירש אייזנשטט|10315|2023-02-23T14:35:25Z
רבי אברהם שמשון מרשקוב|10345|2023-02-23T22:27:10Z
שבועת שווא ושבועת שקר|10352|2023-03-27T10:21:18Z
כגוונא|10356|2023-04-18T16:09:54Z
כלאי הכרם|10369|2023-04-16T08:00:08Z
א-להים צוית לידידך בחירך|10386|2023-04-19T10:01:40Z
נפש החיים|10421|2023-03-19T07:00:11Z
פרשת אחרי מות|10421|2023-04-18T00:12:16Z
רבי יעקב מרגליות (נירנברג)|10428|2023-02-23T15:16:12Z
הלנת שכר (הלכה)|10489|2023-03-27T10:21:18Z
ספר יראים|10493|2023-04-05T14:49:12Z
דרישה ופרישה|10509|2023-05-04T15:30:36Z
רבי בצלאל הכהן|10525|2023-03-30T05:45:19Z
רבי גרשון תנחום ממינסק|10532|2023-02-23T15:00:17Z
העלאת קדשים בחוץ|10533|2023-05-04T15:30:49Z
"מלחמות ה' (רמב""ן)"|10554|2023-05-06T22:20:03Z
ה' מלך ה' מלך ה' ימלוך לעולם ועד|10569|2023-04-19T10:01:14Z
אבקת רוכל|10577|2023-03-30T05:45:34Z
רבי אברהם בן אליעזר הלוי|10602|2023-02-23T14:52:36Z
בן עיר שהלך לכרך ובן כרך שהלך לעיר|10609|2023-03-27T10:20:43Z
ספר אהבה|10609|2023-03-19T07:16:27Z
"שו""ת חתם סופר"|10651|2023-02-23T15:08:03Z
שניות לעריות|10668|2023-03-27T10:20:48Z
איסור הקטרת שאור ודבש|10709|2023-03-30T05:45:30Z
דעת זקנים מבעלי התוספות|10711|2023-02-23T15:05:24Z
שלוש רגלים|10713|2023-04-27T16:01:25Z
כלאי זרעים|10719|2023-03-27T10:21:18Z
הסכמה|10728|2023-04-18T16:22:25Z
רבי יוסף מטראני|10730|2023-03-30T05:45:26Z
רבי ישראל איסרלן|10753|2023-03-30T05:45:24Z
סדר רב עמרם גאון|10778|2023-02-23T14:38:14Z
דמי שביעית|10840|2023-03-05T15:52:08Z
"שמן עכו""ם"|10841|2023-02-23T15:11:14Z
עולת העוף|10857|2023-04-19T09:43:47Z
"הלכות שופר, סוכה ולולב (רמב""ם)"|10870|2023-02-23T15:09:11Z
רבי שם טוב אבן גאון|10919|2023-04-26T13:00:15Z
אהבת ישראל (מצוה)|10925|2023-05-04T15:24:46Z
רבי יעקב חיים סופר|10956|2023-03-19T06:44:16Z
בפני נכתב ובפני נחתם|10959|2023-04-30T00:24:32Z
ספר זמנים|11035|2023-03-19T07:20:28Z
שתילי זיתים|11082|2023-03-02T18:40:45Z
אכילה בסוכה|11083|2023-03-27T10:20:43Z
טלטול ברשות הרבים|11088|2023-03-27T10:20:52Z
צמח צדק (ספר)|11100|2023-02-23T14:50:51Z
איסור אכילת קדשים בטומאה|11104|2023-03-05T15:52:11Z
עונג שבת|11130|2023-04-25T14:24:13Z
שעטנז|11150|2023-03-19T07:06:11Z
"רבי זלמן כ""ץ"|11171|2023-03-30T05:45:34Z
אדון עולם|11178|2023-03-21T05:04:43Z
ספר החינוך|11201|2023-02-23T14:29:17Z
אור שמח|11246|2023-04-26T13:00:15Z
דמאי|11268|2023-03-19T07:13:35Z
נטע רבעי|11270|2023-04-16T22:27:07Z
ראשי שנים ביהדות|11281|2023-03-05T15:51:46Z
ספר קרבנות|11283|2023-03-27T10:21:18Z
אתה הנחלת|11292|2023-03-30T05:45:26Z
אין עושין מצוות חבילות חבילות|11295|2023-04-15T21:40:02Z
נחמן קטופא|11333|2023-05-04T15:25:09Z
נועם אלימלך|11339|2023-05-04T15:24:56Z
שערי דורא|11374|2023-02-23T14:51:04Z
מנורת המאור (אבוהב)|11388|2023-02-23T14:37:13Z
מגן השבת|11402|2023-04-18T16:24:36Z
ספרי חסידות|11408|2023-03-30T05:45:24Z
פני יהושע|11429|2023-04-17T16:29:44Z
אמלתרא|11448|2023-05-04T15:30:14Z
"רדב""ז"|11482|2023-04-21T02:40:02Z
פסי ביראות|11499|2023-02-23T14:56:21Z
תוספת שבת|11511|2023-03-21T23:40:43Z
רבי נתן בר יחיאל|11527|2023-02-23T14:37:23Z
שבעת ימי המילואים|11549|2023-03-05T15:51:35Z
רבי אריה לייב צינץ|11567|2023-02-23T14:31:45Z
גיד הנשה|11584|2023-05-04T02:43:58Z
מקראות גדולות|11584|2023-03-19T07:02:25Z
משפחת כלץ|11593|2023-02-23T15:14:01Z
גוי|11636|2023-04-19T10:02:59Z
רבי אליקים בן יוסף|11640|2023-01-30T20:32:11Z
פלטת שבת|11648|2023-02-23T14:50:25Z
כל ישראל ערבים זה לזה|11673|2023-05-04T15:24:06Z
ימים נוראים|11701|2023-02-23T14:38:25Z
רב פעלים|11735|2023-03-12T11:55:31Z
רבי יצחק אייזיק מטירנא|11737|2023-03-30T05:45:19Z
ספרא|11756|2023-05-01T22:07:59Z
מוהל|11767|2023-04-19T10:01:14Z
ספר עמוס|11796|2023-03-05T15:51:49Z
רבינו ירוחם בן משולם|11806|2023-03-20T17:06:26Z
אהבת ישראל|11808|2023-05-04T15:24:46Z
גזירת סנדל המסומר|11810|2023-05-04T15:27:00Z
"הלכות עירובין (רמב""ם)"|11820|2023-02-23T15:09:04Z
ספר יונה|11834|2023-03-20T15:20:21Z
"פרויקט השו""ת"|11847|2023-04-18T00:43:22Z
אכילה בערב יום הכיפורים|11874|2023-05-04T15:24:06Z
תורת התשובה בחסידות אשכנז|11878|2023-02-23T14:39:18Z
אבלות על החורבן|11897|2023-04-02T10:40:35Z
גזל|11939|2023-03-27T10:21:18Z
קונטרס מגנצא|11954|2023-02-23T15:08:57Z
מצוות כיבוס דם חטאת|11958|2023-04-19T09:41:26Z
איסור שמור|11994|2023-03-05T15:52:13Z
שפת אמת (ספר)|12031|2023-04-16T20:59:19Z
פרים ושעירים הנשרפים|12036|2023-05-04T15:30:46Z
רבי אליעזר בן נתן|12048|2023-03-30T05:45:24Z
דרישת ציון|12079|2023-03-05T15:51:50Z
בוסרה|12088|2023-04-18T16:29:27Z
רבי יצחק מבילשטיין|12099|2023-03-30T05:45:34Z
תשליך|12115|2023-04-26T01:38:29Z
כף החיים|12131|2023-02-23T14:32:14Z
רבי יעקב לורברבוים|12170|2023-03-30T05:45:26Z
ספר יחזקאל|12173|2023-03-19T06:40:50Z
איסור עמונים ומואבים לקהל|12202|2023-05-04T15:30:54Z
בית התקיעה|12213|2023-03-19T07:00:11Z
איסור הוראה בשכרות|12229|2023-05-04T15:28:29Z
מצוות בניין בית המקדש|12234|2023-03-05T15:51:35Z
רבי שלמה בן נתן|12259|2023-02-23T14:53:46Z
תקנות הגאונים|12279|2023-02-23T14:31:19Z
דרך מצותיך|12289|2023-03-29T06:17:33Z
רבי אלעזר בן ערך|12306|2023-04-01T19:20:12Z
יותר משישראל שמרו את השבת שמרה השבת אותם|12315|2023-04-18T16:28:53Z
רבי יהושע וולק כץ|12315|2023-03-30T05:45:26Z
עציץ שאינו נקוב|12328|2023-02-23T15:15:15Z
אבק ריבית|12384|2023-05-04T15:30:14Z
עפר ארץ ישראל|12394|2023-03-27T10:20:52Z
תורה אור ולקוטי תורה|12402|2023-03-19T07:03:13Z
וידוי (יהדות)|12414|2023-04-26T01:38:01Z
"פת עכו""ם"|12424|2023-04-19T10:03:00Z
אונאת דברים|12431|2023-03-27T10:20:48Z
ספר האמונות והדעות|12436|2023-03-30T05:45:23Z
רבינו יחיאל מפאריס|12455|2023-02-23T14:55:37Z
איסור הקמת מצבה|12473|2023-04-22T20:12:23Z
ברייתא דמסכת נדה|12489|2023-02-23T15:02:10Z
שמירת שבת כהלכתה|12500|2023-02-23T14:30:24Z
דברי הימים|12510|2023-03-19T06:40:30Z
אור התורה (ספר)|12516|2023-02-23T14:56:17Z
כפתור ופרח|12526|2023-02-23T14:50:56Z
"מאמרי אדמו""ר הזקן"|12543|2023-02-23T14:52:38Z
תמורה (קרבנות)|12546|2023-03-29T21:40:08Z
אור השם|12548|2023-02-23T14:43:22Z
סדר תנאים ואמוראים|12625|2023-02-23T14:37:23Z
"יום טוב של ראש השנה תרס""ו"|12627|2023-05-04T15:28:20Z
רבי זרחיה הלוי|12628|2023-03-30T05:45:19Z
ספר טהרה|12638|2023-03-27T10:21:18Z
רבי מנוח הנדל|12643|2023-03-30T05:45:19Z
אשת מנוח|12698|2023-04-18T16:24:57Z
רבי אלעזר ברבי שמעון|12869|2023-04-01T19:20:12Z
משלי|12895|2023-03-19T07:00:54Z
"מהרי""ל"|12917|2023-05-01T09:32:23Z
אנא בכוח|12972|2023-03-19T07:06:11Z
חוט שני|12973|2023-03-30T05:45:26Z
לא תרצח|12984|2023-04-19T10:03:56Z
"לא אד""ו ראש"|13002|2023-04-27T16:01:25Z
ספר שופטים (משנה תורה)|13058|2023-03-19T07:20:28Z
דיני שומרים|13097|2023-03-27T10:21:18Z
ספר מאירת עינים|13118|2023-02-23T14:38:14Z
"תהילים כ""ז"|13127|2023-05-04T15:28:29Z
זיקיתיים|13141|2023-04-19T09:48:07Z
נשיאת מטרייה בשבת|13153|2023-03-27T10:20:52Z
סוגיה|13153|2023-02-23T15:04:14Z
מעלית שבת|13155|2023-04-19T15:50:56Z
רבי נתן נטע שפירא|13164|2023-04-14T14:57:50Z
בית יוסף|13213|2023-02-23T14:29:21Z
מעשר בהמה|13226|2023-03-05T15:51:08Z
איזבל|13233|2023-04-25T14:21:07Z
איסור לימוד תורה לנוכרי|13254|2023-04-19T10:02:59Z
שולחן הטהור (קומרנה)|13274|2023-05-04T15:30:53Z
שוחט|13282|2023-05-04T15:24:13Z
תנא דבי אליהו|13292|2023-03-19T06:42:22Z
אותו ואת בנו לא תשחטו ביום אחד|13293|2023-04-25T14:24:13Z
הנני העני ממעש|13305|2023-04-18T16:20:18Z
אגרת השבת|13334|2023-04-30T09:00:40Z
סוריא|13343|2023-02-23T14:56:21Z
רבי אלחנן בן רבי שמריה|13383|2023-05-04T15:30:42Z
רבי חיים ויטאל|13386|2023-04-21T02:40:02Z
שבות|13419|2023-04-25T14:20:35Z
הלכות הרחקה מגויים|13423|2023-02-23T14:56:17Z
פירקא|13434|2023-03-27T10:21:26Z
מצוות עשה|13466|2023-01-08T15:13:46Z
פולמוס התקיעה בשבת|13532|2023-03-05T13:01:34Z
רבי שמעון בן צמח דוראן|13542|2023-04-18T16:07:57Z
שמירת המקדש|13580|2023-04-25T14:20:35Z
אנטישמיות נוצרית|13584|2023-05-07T19:20:19Z
שניים מקרא ואחד תרגום|13596|2023-03-27T10:20:49Z
גמר מלאכה|13608|2023-03-27T10:21:26Z
חינוך קטן לתפילין|13675|2023-03-27T10:21:18Z
יהודים מתפללים בבית הכנסת ביום הכיפורים|13682|2023-05-04T15:27:00Z
תורה לשמה (ספר)|13682|2023-02-23T15:12:23Z
סידור|13689|2023-03-19T07:08:23Z
איסור חדש|13729|2023-04-16T08:00:08Z
היתר שאיבת מים בשבת|13745|2023-02-23T14:56:21Z
ראש השנה לאילן|13761|2023-03-27T10:20:42Z
אושפיזין|13787|2023-03-19T07:06:20Z
חורים|13827|2023-04-19T10:04:50Z
חבירו|13846|2023-04-19T10:04:49Z
חילול שבת בשוגג|13857|2023-04-19T09:41:53Z
רבי יחיאל מפריז|13861|2023-02-23T14:50:56Z
רבי שמריה בן רבי אלחנן|13909|2023-04-19T22:20:44Z
פירות ארץ ישראל ביהדות|13922|2023-04-25T22:22:43Z
ראש השנה למלכים ולרגלים|13927|2023-03-05T15:52:01Z
אמונת השם|13948|2023-04-25T14:21:07Z
שביתת בהמתו|13956|2023-05-04T15:28:37Z
קיצור שולחן ערוך|13961|2023-03-19T07:03:13Z
רבי יוסף תאומים|13972|2023-03-19T06:40:25Z
הוצאת שבתי פרנקל|14001|2023-04-16T11:22:26Z
קצות החושן|14006|2023-03-30T05:45:26Z
המצודות|14138|2023-03-19T07:02:25Z
תענית אסתר|14199|2023-03-27T10:20:42Z
ספר קדושה|14220|2023-05-04T15:30:34Z
קרבן שלמים|14295|2023-03-05T15:51:08Z
קרבן תודה|14306|2023-04-19T09:44:13Z
לשם עצים|14307|2023-04-19T09:43:46Z
"שו""ת הרשב""א"|14353|2023-03-30T05:45:26Z
יהוא|14441|2023-03-05T15:51:38Z
הלכות עירובין|14452|2023-03-27T10:21:18Z
"איגרת הרמב""ן"|14453|2023-05-06T22:20:03Z
אכילת דגים בשבת|14453|2023-05-04T15:25:38Z
"ר""ן"|14507|2023-03-19T07:03:03Z
יביע אומר|14588|2023-03-05T15:51:21Z
הערוך|14594|2023-03-19T07:05:58Z
רבי אברהם אזולאי|14594|2023-05-01T15:20:22Z
ארבעה טורים|14622|2023-03-19T07:00:54Z
הקפת הראש|14637|2023-04-16T23:22:30Z
עשרה בטלנים|14652|2023-02-23T14:58:10Z
והיא שעמדה (שיר)|14659|2023-04-18T16:16:49Z
ילקוט יוסף|14678|2023-02-23T14:39:03Z
מדרשי הלכה|14735|2023-03-19T06:41:29Z
רבי חיים חזקיהו מדיני|14757|2023-04-18T16:04:53Z
ספר המדע|14774|2023-03-19T07:20:27Z
יין נסך|14804|2023-04-25T14:24:13Z
כוונה (יהדות)|14814|2023-02-23T14:37:23Z
אפיקומן|14851|2023-04-27T16:01:25Z
הכרעת רוב בדיינים|14898|2023-04-25T14:21:07Z
פסח שני|14911|2023-04-27T16:01:25Z
רבי אברהם אבלי הלוי גומבינר|14927|2023-04-18T00:35:17Z
רבי יחיאל מיכל הלוי אפשטיין|14932|2023-04-18T15:17:21Z
שם תאופורי|15049|2023-04-25T14:20:35Z
שנת שמיטה|15106|2023-04-18T16:16:49Z
כבוד שבת|15113|2023-04-04T20:20:07Z
אין שמחה אלא בבשר ויין|15149|2023-02-23T14:39:48Z
בעלי הנפש|15158|2023-03-30T05:45:26Z
מתנות עניים|15169|2023-03-05T15:51:29Z
ספר יהושע|15174|2023-03-19T07:00:54Z
הארץ המובטחת|15188|2023-03-05T15:51:40Z
אמירה לנכרי|15276|2023-03-27T10:20:48Z
אכילת מצה|15299|2023-05-03T18:22:07Z
איסורי נישואים לכהן|15360|2023-04-30T00:26:26Z
מגילת תענית|15372|2023-03-19T06:40:27Z
רבי שלמה תווינא|15394|2023-02-23T15:01:51Z
הרב חיים הלר|15423|2023-03-05T12:46:19Z
חלב נוכרי|15444|2023-04-16T08:00:08Z
ספר נחום|15671|2023-03-19T07:16:04Z
גלגל החוזר|15687|2023-02-23T14:56:17Z
גניזה|15693|2023-05-04T15:25:38Z
שמירת שבת|15721|2023-03-05T15:51:40Z
אוהל (שבת)|15725|2023-03-27T10:20:52Z
"הלכות קידוש החודש (רמב""ם)"|15757|2023-02-23T15:09:44Z
פחד יצחק (ספר)|15964|2023-03-05T13:00:26Z
"ריב""ש"|15973|2023-03-30T05:45:24Z
תורת חובות הלבבות|15985|2023-03-19T07:03:13Z
"נושאי כליו של הרמב""ם"|16000|2023-04-26T18:45:01Z
רבי אפרים נבון|16008|2023-02-23T14:29:52Z
חמש מגילות|16022|2023-03-19T07:13:27Z
יום ליבשה|16063|2023-04-19T10:01:41Z
פרשנות המשנה|16093|2023-02-13T09:20:02Z
אהה ירד עלי ספרד|16103|2023-03-05T15:52:08Z
ספר עבודה|16113|2023-03-28T12:36:18Z
רבי אליעזר בן יואל|16122|2023-02-23T14:48:57Z
רבי יצחק אבן גיאת|16134|2023-03-30T05:45:24Z
הושע בן אלה|16147|2023-03-19T07:09:04Z
שביעי של פסח|16160|2023-04-27T16:01:25Z
בדיקת חמץ|16337|2023-04-27T16:01:25Z
בני יששכר|16350|2023-02-20T15:09:11Z
אריכות ימים|16384|2023-03-05T15:52:06Z
רבי ישעיה די טראני|16458|2023-03-19T07:08:31Z
נטילת ידיים שחרית|16465|2023-05-04T15:30:51Z
רבי מאיר בן ברוך הלוי|16481|2023-03-30T05:45:26Z
אנציקלופדיה תלמודית|16554|2023-03-30T05:45:23Z
חזון איש|16555|2023-02-23T14:31:11Z
קול התור|16565|2023-03-30T05:45:24Z
"פירוש המשנה לרמב""ם"|16590|2023-03-05T12:31:51Z
"איגרות הרמב""ם"|16654|2023-02-23T14:42:41Z
אש קודש|16669|2023-02-23T14:50:23Z
"כתבי האר""י"|16732|2023-04-27T19:49:15Z
ארבע כוסות|16741|2023-05-04T15:24:47Z
אהבת ארץ ישראל|16783|2023-04-25T22:40:04Z
רבי חיים כהן (מבעלי התוספות)|16801|2023-03-30T05:45:26Z
תפילות ראש השנה|16805|2023-04-18T16:20:18Z
עירוב תחומין|16840|2023-02-23T14:44:31Z
ספר דניאל|16867|2023-04-23T20:40:11Z
רבי שבתי כהן|16871|2023-04-30T12:42:34Z
"ריצב""א"|16900|2023-04-26T18:40:19Z
מלחמת מצווה|16921|2023-03-05T15:51:46Z
מנהגי אבלות בימי ספירת העומר|16938|2023-03-27T10:20:49Z
אלדד הדני|16975|2023-03-05T15:52:10Z
צבים|16982|2023-04-19T09:48:13Z
מכילתא דרבי ישמעאל|17008|2023-04-24T20:42:23Z
ערב יום הכיפורים|17085|2023-05-04T02:43:57Z
דברי קבלה|17096|2023-03-27T10:21:26Z
עיר מוקפת חומה מימות יהושע בן נון|17182|2023-03-05T15:51:35Z
תהילים א'|17237|2023-04-18T16:19:37Z
"רבי אברהם בן הרמב""ם"|17268|2023-03-05T12:34:53Z
כלאיים|17326|2023-04-16T08:00:08Z
שאלות ותשובות|17496|2023-04-18T16:07:57Z
עלייה לרגל|17563|2023-03-19T06:44:16Z
מסילת ישרים|17619|2023-05-07T11:42:24Z
ארבעת השבויים|17629|2023-04-17T23:05:50Z
שולחן ערוך|17631|2023-04-18T16:07:57Z
איסור לשון הרע|17667|2023-03-05T15:50:59Z
פולמוס גדרה|17697|2023-02-23T14:49:33Z
ספר ישעיהו|17719|2023-03-20T15:20:21Z
עץ חיים (ספר)|17831|2023-04-27T19:49:20Z
"ספרות חז""ל"|17838|2023-03-19T07:00:54Z
רבי עבדאללה סומך|17874|2023-05-01T15:20:22Z
ספר העיקרים|17882|2023-03-19T07:12:22Z
תקנות אושא|17957|2023-03-02T22:39:34Z
רבי יצחק הלבן|18066|2023-02-23T14:50:51Z
"רשב""א"|18129|2023-05-06T22:20:03Z
"ספרי המהר""ל"|18137|2023-03-05T15:52:01Z
מצווה לשמוע דברי חכמים|18164|2023-03-05T15:51:48Z
מוסר|18223|2023-04-30T18:13:33Z
רבינו יעקב בן אשר|18273|2023-04-18T16:07:57Z
"הלכות יסודי התורה (רמב""ם)"|18275|2023-03-28T12:36:18Z
רבי משה זכות|18384|2023-03-30T05:45:23Z
פרשנות התלמוד הבבלי|18389|2023-02-23T14:38:14Z
שילוח הקן|18420|2023-05-04T02:43:58Z
קנסו של עזרא|18527|2023-04-25T14:21:07Z
איסורי אכילה|18528|2023-04-25T14:20:05Z
"מניין המצוות על פי הרמב""ן"|18635|2023-05-06T22:20:03Z
רבי דוד שלמה אייבשיץ|18670|2023-03-30T05:45:24Z
אדום (עם)|18738|2023-04-19T10:04:49Z
בן סורר ומורה|18783|2023-03-05T15:51:49Z
פולמוס השבת ביפן|19001|2023-02-23T14:29:17Z
אור החיים (ספר)|19095|2023-02-23T14:38:14Z
יצחק אבינו|19115|2023-03-19T06:40:32Z
רבי יעקב אטלינגר|19146|2023-03-02T18:20:58Z
חד גדיא|19335|2023-04-27T16:01:25Z
אהרן הכהן|19345|2023-05-04T02:43:57Z
רבי יאיר חיים בכרך|19354|2023-05-04T15:22:57Z
רבי יוסף קארו|19437|2023-04-18T16:07:57Z
"רי""ף"|19457|2023-03-19T07:14:00Z
ביכורים|19546|2023-04-25T14:20:55Z
פרוזבול|19581|2023-03-28T12:36:18Z
מלכי יהודה וישראל|19690|2023-03-05T15:51:17Z
בית המקדש השני|19854|2023-05-04T15:24:06Z
קידוש החודש|19883|2023-03-05T15:51:38Z
תפילת נעילה|19887|2023-04-18T16:28:52Z
שביעית בזמן הזה|19929|2023-02-23T15:15:03Z
ספרות תורנית|19972|2023-03-19T06:40:28Z
הלכות גדולות|19975|2023-03-14T14:07:21Z
רבי יחזקאל לנדא|19987|2023-03-30T05:45:26Z
בישולי גויים|20021|2023-04-16T08:00:07Z
שמונה שרצים|20029|2023-04-19T09:48:07Z
מחיית זכר עמלק|20138|2023-05-04T02:43:57Z
אלול|20147|2023-03-28T12:36:18Z
תוכחת מגולה|20215|2023-03-05T15:52:10Z
בכור בהמה טהורה|20234|2023-02-23T14:43:22Z
תרומה גדולה|20236|2023-03-27T10:20:49Z
"תרי""ג מצוות"|20242|2023-05-04T15:24:13Z
שתיית יין בפורים|20268|2023-05-04T15:24:47Z
מילת גוי|20282|2023-04-19T10:01:15Z
רבי ירוחם הירשקוביץ כהנא|20285|2023-05-02T20:20:30Z
משנה ברורה|20317|2023-03-22T20:35:35Z
גמרא|20328|2023-04-18T16:07:57Z
ערוך השולחן|20329|2023-03-19T07:00:54Z
ספרייה תורנית|20370|2023-03-02T18:32:43Z
שעון שבת (הלכה)|20407|2023-03-27T10:21:26Z
רבי דובער שניאורי|20431|2023-05-04T15:22:57Z
רב המנונא סבא (תנא)|20458|2023-03-30T05:45:26Z
חמשת העינויים|20466|2023-03-27T10:20:48Z
מאבקי השבת בירושלים|20525|2023-03-05T12:44:31Z
בעלי התוספות|20632|2023-05-04T18:43:02Z
תשעה באב שחל בשבת|20673|2023-02-23T14:49:33Z
לא תחנם|20740|2023-03-30T05:45:19Z
עולם הקטן|20783|2023-04-03T01:10:06Z
מחלוקת רב סעדיה גאון ובן מאיר|20856|2023-05-04T15:26:55Z
יציאה מארץ ישראל (הלכה)|20895|2023-05-04T02:43:57Z
מנחת חינוך (ספר)|20916|2023-03-30T05:45:19Z
פר העלם דבר של ציבור|21053|2023-04-19T09:41:27Z
רבי מנחם מנדל שניאורסון (הצמח צדק)|21056|2023-03-12T14:20:52Z
ראש חודש|21070|2023-03-19T06:40:27Z
שולחן ערוך הרב|21103|2023-03-05T12:21:47Z
שמונה עשר דבר|21249|2023-03-05T15:51:48Z
שבע מצוות בני נח|21360|2023-04-18T16:20:18Z
הבדלה|21407|2023-04-25T14:20:35Z
אזהרות|21424|2023-05-01T09:34:36Z
תשובות הגאונים|21470|2023-03-19T10:32:21Z
רבי יהודה החסיד|21509|2023-03-30T05:45:24Z
שחיטה (הלכה)|21663|2023-04-19T09:44:40Z
אתחלתא דגאולה|21672|2023-04-25T14:24:13Z
רבי יצחק דב במברגר|21729|2023-03-12T10:23:52Z
תוספתא|21809|2023-04-18T16:07:57Z
עשרת ימי תשובה|21836|2023-03-27T10:20:49Z
רפואה בשבת|21926|2022-12-08T16:57:37Z
חצי שבט המנשה|21975|2023-03-05T15:52:08Z
יום טוב|22017|2023-03-27T10:20:42Z
גבאי צדקה|22018|2023-02-23T14:56:45Z
יש כח ביד חכמים לעקור דבר מן התורה|22110|2023-03-27T10:21:26Z
סיגד|22210|2023-03-19T07:06:45Z
סכינים מלוטשים|22216|2023-04-19T09:44:39Z
חול המועד|22286|2023-04-27T16:01:25Z
עירוב|22301|2023-02-23T14:44:31Z
חג הסוכות|22479|2023-05-04T02:43:57Z
רבי דוד הנגיד (השני)|22489|2023-02-23T15:16:49Z
ספר שמואל|22493|2023-03-20T15:20:21Z
קרבן עולה|22501|2023-04-18T16:03:29Z
ובכן ויהי בחצי הלילה|22521|2023-05-04T02:43:57Z
איסורי עריות|22643|2023-04-25T14:21:07Z
גבולי יחזקאל|22702|2023-05-04T15:25:47Z
מסירות נפש ביהדות|22781|2023-05-04T02:43:57Z
אחאב|22867|2023-03-19T07:08:50Z
רבי אברהם בן דוד מפושקירה|22878|2023-04-21T02:20:10Z
נטיעת אילנות בארץ ישראל|23030|2023-05-04T02:43:57Z
חוק השחיטה (שוודיה)|23077|2023-04-19T09:44:38Z
ארבע פרשיות|23268|2023-03-30T05:45:24Z
העיטור|23286|2023-03-28T12:36:18Z
שלוש השבועות|23292|2023-05-07T16:41:47Z
חליבה בשבת|23399|2023-05-04T15:26:21Z
ספר הברית השלם|23496|2023-03-19T07:15:12Z
מצוות בטלות לעתיד לבוא|23651|2023-02-23T14:56:45Z
"מהר""ם מרוטנבורג"|23692|2023-04-25T14:20:55Z
רבינו גרשום|23697|2023-05-04T15:24:06Z
אגדות החורבן|23919|2023-05-04T15:24:56Z
פלשתים|23942|2023-04-26T22:00:10Z
עליית בעלי התוספות|23983|2023-02-23T14:42:25Z
"רמ""א"|24005|2023-04-18T16:07:57Z
רבי חיים פלאג'י|24034|2023-02-23T14:29:52Z
שופר|24075|2023-04-18T16:22:47Z
מצוות הקהל|24139|2023-04-02T10:40:35Z
"פירוש רש""י לתורה"|24140|2023-04-25T14:20:35Z
שופר קודו|24168|2023-03-05T12:44:04Z
חמדת ימים (ספר)|24237|2023-03-30T05:45:24Z
תקנות יהושע בן נון|24365|2023-03-29T05:20:12Z
נושאי כליו של השולחן ערוך|24640|2023-03-05T15:52:13Z
פירות שביעית|24695|2023-03-30T05:45:26Z
תפילת אבינו מלכנו|24725|2023-02-23T14:53:59Z
איסור ערלה|24736|2023-05-04T15:24:56Z
אנטישמיות מודרנית|24756|2023-05-07T19:20:19Z
קרבן חטאת|24804|2023-03-29T21:23:30Z
יום הכיפורים|24932|2023-05-04T15:24:06Z
ימי בין המצרים|24959|2023-03-27T10:20:42Z
ספר המאור|24963|2023-03-30T05:45:19Z
כפרות|25009|2023-04-18T16:06:41Z
רבי יהודה לייב הלוי אשלג|25155|2023-03-30T14:00:25Z
"סידור אדמו""ר הזקן"|25343|2023-05-04T15:26:04Z
"פירוש רש""י לתלמוד"|25516|2023-04-25T04:12:04Z
מימונה|25587|2023-05-02T22:00:06Z
מצוות בניית בית בארץ ישראל|25681|2023-03-30T05:45:26Z
רבי חיים יוסף דוד אזולאי|25730|2023-04-22T22:36:42Z
נטילת ידיים|25923|2023-05-04T15:24:06Z
שעיר לעזאזל (מצווה)|25993|2023-03-19T07:15:47Z
רבי צדוק הכהן מלובלין|26025|2023-04-18T16:04:53Z
תל בית ירח|26126|2023-02-23T14:35:34Z
שמיטת כספים|26163|2023-04-25T14:20:35Z
"מלבי""ם"|26196|2023-03-30T05:45:23Z
שנת היובל|26547|2023-03-19T07:08:45Z
איסור ריבית|26596|2023-03-27T10:20:49Z
יבול נוכרי|26677|2023-03-27T10:21:18Z
קריאת ההלל|26774|2023-04-27T16:01:25Z
"רא""ש"|26860|2023-04-18T16:07:57Z
"האר""י"|27258|2023-05-05T08:07:18Z
תענית כ' בסיוון|27383|2023-03-30T05:45:26Z
"שמונה פרקים לרמב""ם"|27695|2023-03-05T15:51:35Z
רבי שלמה לוריא|27797|2023-04-17T20:04:45Z
פורים שני|27844|2023-03-30T05:45:24Z
רבי שלמה אבן גבירול|27962|2023-04-18T16:24:02Z
חיקסוס|28103|2023-04-25T14:20:35Z
ספר הושע|28263|2023-03-19T06:40:30Z
חתים|28481|2023-04-19T10:04:50Z
רבי יעקב עמדין|28486|2023-05-04T15:24:13Z
רבי ישעיה הלוי הורוביץ|28766|2023-03-19T07:00:54Z
שושן פורים|28956|2023-04-16T01:01:41Z
קרבן אשם|28987|2023-03-05T15:51:07Z
קריאת התורה|29093|2023-04-25T14:20:55Z
זרוע, לחיים וקיבה|29127|2023-04-19T09:44:38Z
רבי אליהו בכור חזן|29291|2023-02-23T14:53:06Z
קופה של צדקה|29594|2023-02-23T15:08:36Z
קרבן מנחה|29656|2023-03-19T06:41:14Z
בן המלך והנזיר|29796|2023-01-08T16:04:59Z
איסור ייחוד|29928|2023-05-04T15:30:49Z
דבי רבי עקיבא ודבי רבי ישמעאל|29969|2023-05-04T15:30:49Z
פירוש האבן עזרא|30035|2023-03-30T05:45:23Z
פתיחת אליהו הנביא|30107|2023-02-23T14:42:53Z
ברכת כהנים|30254|2023-04-18T19:30:30Z
נוסח ארץ ישראל|30371|2023-03-28T12:36:18Z
ראשונים|30416|2023-03-02T18:25:05Z
מסכת אבות|30703|2023-03-19T06:40:27Z
גזירות אנטיוכוס|30833|2023-04-19T10:01:14Z
איסורי כישוף ביהדות|31142|2023-04-25T14:24:13Z
ירושלים בהלכה|31663|2023-03-05T15:51:48Z
פורים משולש|31732|2023-05-04T15:30:36Z
ערי הלויים|31769|2023-03-19T07:02:33Z
לוחות הברית|31810|2023-03-19T06:42:20Z
בניין הורדוס|32007|2023-05-02T00:10:30Z
הקבלת פני רבו|32012|2023-05-04T15:28:29Z
תפילה|32447|2023-04-25T14:20:55Z
רוב (הלכה)|32486|2023-04-25T14:20:35Z
חשמל בשבת|32547|2023-04-18T00:00:06Z
מצווה|32931|2023-04-25T14:20:35Z
לישרים תהילה|33154|2023-03-05T15:51:59Z
תחום שבת|33485|2023-04-18T16:20:18Z
"שבחי הבעש""ט"|33557|2023-05-04T15:25:38Z
"חידושי הרמב""ן"|33657|2023-05-06T22:20:03Z
יוסף|33672|2023-05-04T02:43:57Z
"ל""ט אבות מלאכה"|33837|2023-03-27T10:20:43Z
בית המקדש הראשון|34189|2023-04-25T14:20:55Z
משה רבינו|34457|2023-05-06T19:46:01Z
תחיית המתים|34503|2023-03-29T05:20:12Z
קידוש|35028|2023-04-18T16:07:57Z
ספר שופטים|35686|2023-04-18T16:09:12Z
תוספות|35934|2023-04-18T16:07:57Z
"רשב""ם"|35959|2023-04-26T18:40:19Z
מצע מנותק|35965|2023-02-23T14:48:29Z
ראש השנה|36024|2023-03-30T05:45:24Z
רבי אלעזר מגרמייזא|36270|2023-04-18T16:28:31Z
בשר בחלב|37167|2023-04-16T08:00:08Z
שמיטת קרקעות|37429|2023-05-04T15:25:07Z
ברכת שהחיינו|37566|2023-05-04T15:24:56Z
"ט""ו באב (מועד)"|37802|2023-05-04T02:43:57Z
חגי ישראל ומועדיו|37891|2023-03-22T00:00:56Z
אהבת ה'|38618|2023-03-30T05:45:24Z
"פירוש הרמב""ן לתורה"|38684|2023-05-06T22:20:03Z
יעקב אבינו|39487|2023-03-19T06:40:26Z
ספר הזוהר|40370|2023-05-04T15:22:57Z
ספר איוב|40756|2023-03-19T07:00:54Z
"ר""י הזקן"|40932|2023-04-26T18:40:19Z
תשובה (יהדות)|41175|2023-05-04T15:26:04Z
הנחת תפילין|41208|2023-04-30T00:22:28Z
שבתאות|41515|2023-04-25T22:46:03Z
איגרות צפון|41708|2023-03-19T07:17:28Z
חמץ|43531|2023-04-27T16:01:25Z
המאבק על השחיטה הכשרה|43679|2023-03-05T12:46:37Z
חלה (מתנות כהונה)|43794|2023-04-25T14:20:35Z
צוואת רבי יהודה החסיד|44005|2023-05-04T15:30:19Z
רבי שמעון בר יוחאי|44300|2023-05-04T15:24:06Z
יום הכיפורים בבית המקדש|44380|2023-05-04T15:26:55Z
"מניין המצוות על פי הרמב""ם"|44479|2023-03-19T07:06:18Z
תרומות ומעשרות|45620|2023-04-16T08:00:08Z
תרומה (הלכה)|45873|2023-05-04T15:28:37Z
רבי ישראל מאיר הכהן|47647|2023-05-04T15:24:06Z
תקיעת שופר|48179|2023-05-04T15:24:06Z
פורים|48284|2023-05-04T15:22:57Z
כל נדרי|48389|2023-03-19T07:06:20Z
תלמוד בבלי|49092|2023-04-18T16:07:57Z
"תקנות שו""ם"|49613|2023-05-04T15:24:06Z
משיח שקר|49619|2023-03-19T07:10:19Z
הדלקת נרות חנוכה|50604|2023-05-04T15:22:57Z
משנה תורה|50697|2023-04-18T16:07:57Z
רבי יוסף חיים מבגדאד|51039|2023-03-19T06:40:25Z
עלון שבת|51325|2023-04-18T16:12:26Z
קרבן פסח|51438|2023-04-27T16:01:25Z
שבלולי יבשה|51956|2023-04-19T09:48:13Z
תלמוד ירושלמי|52043|2023-04-18T16:07:57Z
ארבעת המינים|52584|2023-05-04T15:26:04Z
גזירות אדריאנוס|53730|2023-05-04T02:43:57Z
הילולת רבי שמעון בר יוחאי|53755|2023-03-05T12:25:19Z
הגדה של פסח|55746|2023-04-27T16:01:25Z
רבי שניאור זלמן מלאדי|55824|2023-04-18T16:07:57Z
מורה הנבוכים|55923|2023-03-30T05:45:19Z
תלמוד תורה (מצווה)|56397|2023-05-04T15:24:06Z
אברהם אבינו|56951|2023-04-25T14:20:55Z
תקנת חכמים|58022|2023-05-04T15:30:49Z
פרשת השבוע|58584|2023-03-19T06:40:50Z
סדר ליל ראש השנה|58899|2023-03-05T15:51:07Z
הגאון מווילנה|59173|2023-05-04T17:24:27Z
אוצר בית דין|60984|2023-02-23T14:54:24Z
סדר תפילות יום הכיפורים|64683|2023-03-27T10:20:49Z
סליחות|65015|2023-04-25T14:20:55Z
אנטישמיות מוסלמית|65269|2023-05-07T19:20:19Z
מטפחת ספרים|65508|2023-05-04T15:30:27Z
אנטישמיות|70838|2023-05-07T19:20:19Z
שמיטה|71586|2023-04-25T22:40:04Z
תקנות הקהילה|77067|2023-04-25T14:20:55Z
"רש""י"|81738|2023-05-04T02:43:57Z
משיח|82505|2023-03-22T00:00:56Z
תשעה באב|83782|2023-04-18T16:23:11Z
מניין המצוות על פי ספר החינוך|84067|2023-03-19T06:40:28Z
היתר מכירה|86441|2023-03-27T10:20:49Z
דוד המלך|89369|2023-05-04T02:43:57Z
רבי יוסף בכור שור|91241|2023-04-25T14:20:35Z
רב סעדיה גאון|97442|2023-04-30T00:13:15Z
"רמב""ם"|98538|2023-05-04T15:24:06Z
עבודה זרה|99636|2023-05-04T02:43:57Z
רבי חיים בן עטר|101454|2023-04-19T13:22:29Z
"ל""ג בעומר"|103603|2023-03-19T06:42:20Z
"רמב""ן"|110669|2023-05-06T22:20:03Z
טבריה|112071|2023-04-18T16:09:12Z
ברית מילה|117170|2023-05-04T02:43:58Z
שבת|121766|2023-05-04T02:43:57Z
הרב אברהם יצחק הכהן קוק|128219|2023-05-04T15:24:06Z
בית המקדש|130495|2023-03-19T07:06:11Z
האנטישמיות החדשה|137698|2023-05-07T19:20:19Z
